Workbook
Name __bookmark_1: #REF!

Sheet 2026 Monthly Vacation
B2: Employee Info | G2: YTD Vacation | N2: 2026 Days Taken Off by Month
B3: Dept | C3: Job Title | D3: Name | E3: Start date | G3: Vacation Days | H3: Pro Rated Days | I3: Days Taken | J3: Unpaid Days Taken | K3: Days Remaining | L3: % Remaining | N3: January | O3: February | P3: March | Q3: April | R3: May | S3: June | T3: July | U3: August | V3: September | W3: October | X3: November | Y3: December
A4: 1 | B4: LT | C4: CEO | D4: Mazahreh, Said | E4: =_xlfn.XLOOKUP(D4,'Contract Entitlement'!$D$4:$D$61,'Contract Entitlement'!$G$4:$G$61) -> 0 | G4: 25 | H4: =IF(YEAR(E4)=2026,IF(DAY(E4)<15,CEILING(G4 * (12 - MONTH(E4) + 1) / 12,1),FLOOR(G4 * (12 - MONTH(E4) + 1) / 12,1)),IF(YEAR(E4)<2026,G4,0)) -> 25 | I4: =SUM(N4:Y4) -> 0 | J4: =COUNTIFS('2026 Time Off Request'!$A$2:$A$822,D4,'2026 Time Off Request'!$E$2:$E$822,"UNPAID") -> 0 | K4: =H4-I4 -> 25 | N4: =_xlfn.XLOOKUP($D4,'Jan 2026'!$D:$D,'Jan 2026'!$E:$E) -> 0 | O4: =_xlfn.XLOOKUP($D4,'Feb 2026'!$D:$D,'Feb 2026'!$E:$E) -> 0 | P4: =_xlfn.XLOOKUP($D4,'Mar 2026'!$D:$D,'Mar 2026'!$E:$E) -> 0 | Q4: =_xlfn.XLOOKUP($D4,'April 2026'!$D:$D,'April 2026'!$E:$E) -> 0 | R4: =_xlfn.XLOOKUP($D4,'May 2026'!$D:$D,'May 2026'!$E:$E) -> 0 | S4: =_xlfn.XLOOKUP($D4,'June 2026'!$D:$D,'June 2026'!$E:$E) -> 0 | T4: =_xlfn.XLOOKUP($D4,'July 2026'!$D:$D,'July 2026'!$E:$E) -> 0 | U4: =_xlfn.XLOOKUP($D4,'Aug 2026'!$D:$D,'Aug 2026'!$E:$E) -> 0 | V4: =_xlfn.XLOOKUP($D4,'Sept 2026'!$D:$D,'Sept 2026'!$E:$E) -> 0 | W4: =_xlfn.XLOOKUP($D4,'Oct 2026'!$D:$D,'Oct 2026'!$E:$E) -> 0 | X4: =_xlfn.XLOOKUP($D4,'Nov 2026'!$D:$D,'Nov 2026'!$E:$E) -> 0 | Y4: =_xlfn.XLOOKUP($D4,'Dec 2026'!$D:$D,'Dec 2026'!$E:$E) -> 0
A5: 2 | B5: LT | C5: Director of Finance | D5: Reid, Laurie | E5: =_xlfn.XLOOKUP(D5,'Contract Entitlement'!$D$4:$D$61,'Contract Entitlement'!$G$4:$G$61) -> 44243 | G5: =_xlfn.XLOOKUP(D5,'Contract Entitlement'!$D$4:$D$61,'Contract Entitlement'!$F$4:$F$61) -> 25 | H5: =IF(YEAR(E5)=2026,IF(DAY(E5)<15,CEILING(G5 * (12 - MONTH(E5) + 1) / 12,1),FLOOR(G5 * (12 - MONTH(E5) + 1) / 12,1)),IF(YEAR(E5)<2026,G5,0)) -> 25 | I5: =SUM(N5:Y5) -> 5 | J5: =COUNTIFS('2026 Time Off Request'!$A$2:$A$822,D5,'2026 Time Off Request'!$E$2:$E$822,"UNPAID") -> 0 | K5: =H5-I5 -> 20 | L5: =K5/G5 -> 0.8 | N5: =_xlfn.XLOOKUP($D5,'Jan 2026'!$D:$D,'Jan 2026'!$E:$E) -> 0 | O5: =_xlfn.XLOOKUP($D5,'Feb 2026'!$D:$D,'Feb 2026'!$E:$E) -> 0 | P5: =_xlfn.XLOOKUP($D5,'Mar 2026'!$D:$D,'Mar 2026'!$E:$E) -> 0 | Q5: =_xlfn.XLOOKUP($D5,'April 2026'!$D:$D,'April 2026'!$E:$E) -> 5 | R5: =_xlfn.XLOOKUP($D5,'May 2026'!$D:$D,'May 2026'!$E:$E) -> 0 | S5: =_xlfn.XLOOKUP($D5,'June 2026'!$D:$D,'June 2026'!$E:$E) -> 0 | T5: =_xlfn.XLOOKUP($D5,'July 2026'!$D:$D,'July 2026'!$E:$E) -> 0 | U5: =_xlfn.XLOOKUP($D5,'Aug 2026'!$D:$D,'Aug 2026'!$E:$E) -> 0 | V5: =_xlfn.XLOOKUP($D5,'Sept 2026'!$D:$D,'Sept 2026'!$E:$E) -> 0 | W5: =_xlfn.XLOOKUP($D5,'Oct 2026'!$D:$D,'Oct 2026'!$E:$E) -> 0 | X5: =_xlfn.XLOOKUP($D5,'Nov 2026'!$D:$D,'Nov 2026'!$E:$E) -> 0 | Y5: =_xlfn.XLOOKUP($D5,'Dec 2026'!$D:$D,'Dec 2026'!$E:$E) -> 0
A6: 3 | B6: LT | C6: Director of Business Services | D6: Al Achy, Wissam | E6: =_xlfn.XLOOKUP(D6,'Contract Entitlement'!$D$4:$D$61,'Contract Entitlement'!$G$4:$G$61) -> 45231 | G6: =_xlfn.XLOOKUP(D6,'Contract Entitlement'!$D$4:$D$61,'Contract Entitlement'!$F$4:$F$61) -> 20 | H6: =IF(YEAR(E6)=2026,IF(DAY(E6)<15,CEILING(G6 * (12 - MONTH(E6) + 1) / 12,1),FLOOR(G6 * (12 - MONTH(E6) + 1) / 12,1)),IF(YEAR(E6)<2026,G6,0)) -> 20 | I6: =SUM(N6:Y6) -> 0 | J6: =COUNTIFS('2026 Time Off Request'!$A$2:$A$822,D6,'2026 Time Off Request'!$E$2:$E$822,"UNPAID") -> 0 | K6: =H6-I6 -> 20 | L6: =K6/G6 -> 1 | N6: =_xlfn.XLOOKUP($D6,'Jan 2026'!$D:$D,'Jan 2026'!$E:$E) -> 0 | O6: =_xlfn.XLOOKUP($D6,'Feb 2026'!$D:$D,'Feb 2026'!$E:$E) -> 0 | P6: =_xlfn.XLOOKUP($D6,'Mar 2026'!$D:$D,'Mar 2026'!$E:$E) -> 0 | Q6: =_xlfn.XLOOKUP($D6,'April 2026'!$D:$D,'April 2026'!$E:$E) -> 0 | R6: =_xlfn.XLOOKUP($D6,'May 2026'!$D:$D,'May 2026'!$E:$E) -> 0 | S6: =_xlfn.XLOOKUP($D6,'June 2026'!$D:$D,'June 2026'!$E:$E) -> 0 | T6: =_xlfn.XLOOKUP($D6,'July 2026'!$D:$D,'July 2026'!$E:$E) -> 0 | U6: =_xlfn.XLOOKUP($D6,'Aug 2026'!$D:$D,'Aug 2026'!$E:$E) -> 0 | V6: =_xlfn.XLOOKUP($D6,'Sept 2026'!$D:$D,'Sept 2026'!$E:$E) -> 0 | W6: =_xlfn.XLOOKUP($D6,'Oct 2026'!$D:$D,'Oct 2026'!$E:$E) -> 0 | X6: =_xlfn.XLOOKUP($D6,'Nov 2026'!$D:$D,'Nov 2026'!$E:$E) -> 0 | Y6: =_xlfn.XLOOKUP($D6,'Dec 2026'!$D:$D,'Dec 2026'!$E:$E) -> 0
A7: 4 | B7: LT | C7: Dentist Relations Manager | D7: Elduweini, Aman | E7: =_xlfn.XLOOKUP(D7,'Contract Entitlement'!$D$4:$D$61,'Contract Entitlement'!$G$4:$G$61) -> 44746 | G7: =_xlfn.XLOOKUP(D7,'Contract Entitlement'!$D$4:$D$61,'Contract Entitlement'!$F$4:$F$61) -> 20 | H7: =IF(YEAR(E7)=2026,IF(DAY(E7)<15,CEILING(G7 * (12 - MONTH(E7) + 1) / 12,1),FLOOR(G7 * (12 - MONTH(E7) + 1) / 12,1)),IF(YEAR(E7)<2026,G7,0)) -> 20 | I7: =SUM(N7:Y7) -> 5 | J7: =COUNTIFS('2026 Time Off Request'!$A$2:$A$822,D7,'2026 Time Off Request'!$E$2:$E$822,"UNPAID") -> 0 | K7: =H7-I7 -> 15 | L7: =K7/G7 -> 0.75 | N7: =_xlfn.XLOOKUP($D7,'Jan 2026'!$D:$D,'Jan 2026'!$E:$E) -> 1 | O7: =_xlfn.XLOOKUP($D7,'Feb 2026'!$D:$D,'Feb 2026'!$E:$E) -> 0 | P7: =_xlfn.XLOOKUP($D7,'Mar 2026'!$D:$D,'Mar 2026'!$E:$E) -> 0 | Q7: =_xlfn.XLOOKUP($D7,'April 2026'!$D:$D,'April 2026'!$E:$E) -> 0 | R7: =_xlfn.XLOOKUP($D7,'May 2026'!$D:$D,'May 2026'!$E:$E) -> 4 | S7: =_xlfn.XLOOKUP($D7,'June 2026'!$D:$D,'June 2026'!$E:$E) -> 0 | T7: =_xlfn.XLOOKUP($D7,'July 2026'!$D:$D,'July 2026'!$E:$E) -> 0 | U7: =_xlfn.XLOOKUP($D7,'Aug 2026'!$D:$D,'Aug 2026'!$E:$E) -> 0 | V7: =_xlfn.XLOOKUP($D7,'Sept 2026'!$D:$D,'Sept 2026'!$E:$E) -> 0 | W7: =_xlfn.XLOOKUP($D7,'Oct 2026'!$D:$D,'Oct 2026'!$E:$E) -> 0 | X7: =_xlfn.XLOOKUP($D7,'Nov 2026'!$D:$D,'Nov 2026'!$E:$E) -> 0 | Y7: =_xlfn.XLOOKUP($D7,'Dec 2026'!$D:$D,'Dec 2026'!$E:$E) -> 0
A8: 5 | B8: LT | C8: Director of IT | D8: Ayoub, Laith | E8: =_xlfn.XLOOKUP(D8,'Contract Entitlement'!$D$4:$D$61,'Contract Entitlement'!$G$4:$G$61) -> 44270 | G8: =_xlfn.XLOOKUP(D8,'Contract Entitlement'!$D$4:$D$61,'Contract Entitlement'!$F$4:$F$61) -> 20 | H8: =IF(YEAR(E8)=2026,IF(DAY(E8)<15,CEILING(G8 * (12 - MONTH(E8) + 1) / 12,1),FLOOR(G8 * (12 - MONTH(E8) + 1) / 12,1)),IF(YEAR(E8)<2026,G8,0)) -> 20 | I8: =SUM(N8:Y8) -> 4 | J8: =COUNTIFS('2026 Time Off Request'!$A$2:$A$822,D8,'2026 Time Off Request'!$E$2:$E$822,"UNPAID") -> 0 | K8: =H8-I8 -> 16 | L8: =K8/G8 -> 0.8 | N8: =_xlfn.XLOOKUP($D8,'Jan 2026'!$D:$D,'Jan 2026'!$E:$E) -> 0 | O8: =_xlfn.XLOOKUP($D8,'Feb 2026'!$D:$D,'Feb 2026'!$E:$E) -> 0 | P8: =_xlfn.XLOOKUP($D8,'Mar 2026'!$D:$D,'Mar 2026'!$E:$E) -> 4 | Q8: =_xlfn.XLOOKUP($D8,'April 2026'!$D:$D,'April 2026'!$E:$E) -> 0 | R8: =_xlfn.XLOOKUP($D8,'May 2026'!$D:$D,'May 2026'!$E:$E) -> 0 | S8: =_xlfn.XLOOKUP($D8,'June 2026'!$D:$D,'June 2026'!$E:$E) -> 0 | T8: =_xlfn.XLOOKUP($D8,'July 2026'!$D:$D,'July 2026'!$E:$E) -> 0 | U8: =_xlfn.XLOOKUP($D8,'Aug 2026'!$D:$D,'Aug 2026'!$E:$E) -> 0 | V8: =_xlfn.XLOOKUP($D8,'Sept 2026'!$D:$D,'Sept 2026'!$E:$E) -> 0 | W8: =_xlfn.XLOOKUP($D8,'Oct 2026'!$D:$D,'Oct 2026'!$E:$E) -> 0 | X8: =_xlfn.XLOOKUP($D8,'Nov 2026'!$D:$D,'Nov 2026'!$E:$E) -> 0 | Y8: =_xlfn.XLOOKUP($D8,'Dec 2026'!$D:$D,'Dec 2026'!$E:$E) -> 0
A9: 7 | B9: RM | C9: Regional Manager | D9: Hellegards, Mandi | E9: =_xlfn.XLOOKUP(D9,'Contract Entitlement'!$D$4:$D$61,'Contract Entitlement'!$G$4:$G$61) -> 42826 | G9: =_xlfn.XLOOKUP(D9,'Contract Entitlement'!$D$4:$D$61,'Contract Entitlement'!$F$4:$F$61) -> 15 | H9: =IF(YEAR(E9)=2026,IF(DAY(E9)<15,CEILING(G9 * (12 - MONTH(E9) + 1) / 12,1),FLOOR(G9 * (12 - MONTH(E9) + 1) / 12,1)),IF(YEAR(E9)<2026,G9,0)) -> 15 | I9: =SUM(N9:Y9) -> 0 | J9: =COUNTIFS('2026 Time Off Request'!$A$2:$A$822,D9,'2026 Time Off Request'!$E$2:$E$822,"UNPAID") -> 0 | K9: =H9-I9 -> 15 | L9: =K9/G9 -> 1 | N9: =_xlfn.XLOOKUP($D9,'Jan 2026'!$D:$D,'Jan 2026'!$E:$E) -> 0 | O9: =_xlfn.XLOOKUP($D9,'Feb 2026'!$D:$D,'Feb 2026'!$E:$E) -> 0 | P9: =_xlfn.XLOOKUP($D9,'Mar 2026'!$D:$D,'Mar 2026'!$E:$E) -> 0 | Q9: =_xlfn.XLOOKUP($D9,'April 2026'!$D:$D,'April 2026'!$E:$E) -> 0 | R9: =_xlfn.XLOOKUP($D9,'May 2026'!$D:$D,'May 2026'!$E:$E) -> 0 | S9: =_xlfn.XLOOKUP($D9,'June 2026'!$D:$D,'June 2026'!$E:$E) -> 0 | T9: =_xlfn.XLOOKUP($D9,'July 2026'!$D:$D,'July 2026'!$E:$E) -> 0 | U9: =_xlfn.XLOOKUP($D9,'Aug 2026'!$D:$D,'Aug 2026'!$E:$E) -> 0 | V9: =_xlfn.XLOOKUP($D9,'Sept 2026'!$D:$D,'Sept 2026'!$E:$E) -> 0 | W9: =_xlfn.XLOOKUP($D9,'Oct 2026'!$D:$D,'Oct 2026'!$E:$E) -> 0 | X9: =_xlfn.XLOOKUP($D9,'Nov 2026'!$D:$D,'Nov 2026'!$E:$E) -> 0 | Y9: =_xlfn.XLOOKUP($D9,'Dec 2026'!$D:$D,'Dec 2026'!$E:$E) -> 0
A10: 8 | B10: RM | C10: Regional Manager | D10: Olberg, Cheryl | E10: =_xlfn.XLOOKUP(D10,'Contract Entitlement'!$D$4:$D$61,'Contract Entitlement'!$G$4:$G$61) -> 38596 | G10: =_xlfn.XLOOKUP(D10,'Contract Entitlement'!$D$4:$D$61,'Contract Entitlement'!$F$4:$F$61) -> 25 | H10: =IF(YEAR(E10)=2026,IF(DAY(E10)<15,CEILING(G10 * (12 - MONTH(E10) + 1) / 12,1),FLOOR(G10 * (12 - MONTH(E10) + 1) / 12,1)),IF(YEAR(E10)<2026,G10,0)) -> 25 | I10: =SUM(N10:Y10) -> 12 | J10: =COUNTIFS('2026 Time Off Request'!$A$2:$A$822,D10,'2026 Time Off Request'!$E$2:$E$822,"UNPAID") -> 0 | K10: =H10-I10 -> 13 | L10: =K10/G10 -> 0.52 | N10: =_xlfn.XLOOKUP($D10,'Jan 2026'!$D:$D,'Jan 2026'!$E:$E) -> 4 | O10: =_xlfn.XLOOKUP($D10,'Feb 2026'!$D:$D,'Feb 2026'!$E:$E) -> 0 | P10: =_xlfn.XLOOKUP($D10,'Mar 2026'!$D:$D,'Mar 2026'!$E:$E) -> 0 | Q10: =_xlfn.XLOOKUP($D10,'April 2026'!$D:$D,'April 2026'!$E:$E) -> 4 | R10: =_xlfn.XLOOKUP($D10,'May 2026'!$D:$D,'May 2026'!$E:$E) -> 4 | S10: =_xlfn.XLOOKUP($D10,'June 2026'!$D:$D,'June 2026'!$E:$E) -> 0 | T10: =_xlfn.XLOOKUP($D10,'July 2026'!$D:$D,'July 2026'!$E:$E) -> 0 | U10: =_xlfn.XLOOKUP($D10,'Aug 2026'!$D:$D,'Aug 2026'!$E:$E) -> 0 | V10: =_xlfn.XLOOKUP($D10,'Sept 2026'!$D:$D,'Sept 2026'!$E:$E) -> 0 | W10: =_xlfn.XLOOKUP($D10,'Oct 2026'!$D:$D,'Oct 2026'!$E:$E) -> 0 | X10: =_xlfn.XLOOKUP($D10,'Nov 2026'!$D:$D,'Nov 2026'!$E:$E) -> 0 | Y10: =_xlfn.XLOOKUP($D10,'Dec 2026'!$D:$D,'Dec 2026'!$E:$E) -> 0
A11: 9 | B11: RM | C11: Regional Manager | D11: Placsko, Jamie | E11: =_xlfn.XLOOKUP(D11,'Contract Entitlement'!$D$4:$D$61,'Contract Entitlement'!$G$4:$G$61) -> 44383 | G11: =_xlfn.XLOOKUP(D11,'Contract Entitlement'!$D$4:$D$61,'Contract Entitlement'!$F$4:$F$61) -> 15 | H11: =IF(YEAR(E11)=2026,IF(DAY(E11)<15,CEILING(G11 * (12 - MONTH(E11) + 1) / 12,1),FLOOR(G11 * (12 - MONTH(E11) + 1) / 12,1)),IF(YEAR(E11)<2026,G11,0)) -> 15 | I11: =SUM(N11:Y11) -> 16 | J11: =COUNTIFS('2026 Time Off Request'!$A$2:$A$822,D11,'2026 Time Off Request'!$E$2:$E$822,"UNPAID") -> 0 | K11: =H11-I11 -> -1 | L11: =K11/G11 -> -0.066666667 | N11: =_xlfn.XLOOKUP($D11,'Jan 2026'!$D:$D,'Jan 2026'!$E:$E) -> 0 | O11: =_xlfn.XLOOKUP($D11,'Feb 2026'!$D:$D,'Feb 2026'!$E:$E) -> 6 | P11: =_xlfn.XLOOKUP($D11,'Mar 2026'!$D:$D,'Mar 2026'!$E:$E) -> 10 | Q11: =_xlfn.XLOOKUP($D11,'April 2026'!$D:$D,'April 2026'!$E:$E) -> 0 | R11: =_xlfn.XLOOKUP($D11,'May 2026'!$D:$D,'May 2026'!$E:$E) -> 0 | S11: =_xlfn.XLOOKUP($D11,'June 2026'!$D:$D,'June 2026'!$E:$E) -> 0 | T11: =_xlfn.XLOOKUP($D11,'July 2026'!$D:$D,'July 2026'!$E:$E) -> 0 | U11: =_xlfn.XLOOKUP($D11,'Aug 2026'!$D:$D,'Aug 2026'!$E:$E) -> 0 | V11: =_xlfn.XLOOKUP($D11,'Sept 2026'!$D:$D,'Sept 2026'!$E:$E) -> 0 | W11: =_xlfn.XLOOKUP($D11,'Oct 2026'!$D:$D,'Oct 2026'!$E:$E) -> 0 | X11: =_xlfn.XLOOKUP($D11,'Nov 2026'!$D:$D,'Nov 2026'!$E:$E) -> 0 | Y11: =_xlfn.XLOOKUP($D11,'Dec 2026'!$D:$D,'Dec 2026'!$E:$E) -> 0
A12: 10 | B12: RM | C12: Regional Manager | D12: Bernard, Jennifer | E12: =_xlfn.XLOOKUP(D12,'Contract Entitlement'!$D$4:$D$61,'Contract Entitlement'!$G$4:$G$61) -> 45789 | G12: =_xlfn.XLOOKUP(D12,'Contract Entitlement'!$D$4:$D$61,'Contract Entitlement'!$F$4:$F$61) -> 15 | H12: =IF(YEAR(E12)=2026,IF(DAY(E12)<15,CEILING(G12 * (12 - MONTH(E12) + 1) / 12,1),FLOOR(G12 * (12 - MONTH(E12) + 1) / 12,1)),IF(YEAR(E12)<2026,G12,0)) -> 15 | I12: =SUM(N12:Y12) -> 0 | J12: =COUNTIFS('2026 Time Off Request'!$A$2:$A$822,D12,'2026 Time Off Request'!$E$2:$E$822,"UNPAID") -> 0 | K12: =H12-I12 -> 15 | L12: =K12/G12 -> 1 | N12: =_xlfn.XLOOKUP($D12,'Jan 2026'!$D:$D,'Jan 2026'!$E:$E) -> 0 | O12: =_xlfn.XLOOKUP($D12,'Feb 2026'!$D:$D,'Feb 2026'!$E:$E) -> 0 | P12: =_xlfn.XLOOKUP($D12,'Mar 2026'!$D:$D,'Mar 2026'!$E:$E) -> 0 | Q12: =_xlfn.XLOOKUP($D12,'April 2026'!$D:$D,'April 2026'!$E:$E) -> 0 | R12: =_xlfn.XLOOKUP($D12,'May 2026'!$D:$D,'May 2026'!$E:$E) -> 0 | S12: =_xlfn.XLOOKUP($D12,'June 2026'!$D:$D,'June 2026'!$E:$E) -> 0 | T12: =_xlfn.XLOOKUP($D12,'July 2026'!$D:$D,'July 2026'!$E:$E) -> 0 | U12: =_xlfn.XLOOKUP($D12,'Aug 2026'!$D:$D,'Aug 2026'!$E:$E) -> 0 | V12: =_xlfn.XLOOKUP($D12,'Sept 2026'!$D:$D,'Sept 2026'!$E:$E) -> 0 | W12: =_xlfn.XLOOKUP($D12,'Oct 2026'!$D:$D,'Oct 2026'!$E:$E) -> 0 | X12: =_xlfn.XLOOKUP($D12,'Nov 2026'!$D:$D,'Nov 2026'!$E:$E) -> 0 | Y12: =_xlfn.XLOOKUP($D12,'Dec 2026'!$D:$D,'Dec 2026'!$E:$E) -> 0
A13: 11 | B13: RM | C13: Regional Manager | D13: Brijlall, Asha Chetna | E13: =_xlfn.XLOOKUP(D13,'Contract Entitlement'!$D$4:$D$61,'Contract Entitlement'!$G$4:$G$61) -> 45880 | G13: =_xlfn.XLOOKUP(D13,'Contract Entitlement'!$D$4:$D$61,'Contract Entitlement'!$F$4:$F$61) -> 15 | H13: =IF(YEAR(E13)=2026,IF(DAY(E13)<15,CEILING(G13 * (12 - MONTH(E13) + 1) / 12,1),FLOOR(G13 * (12 - MONTH(E13) + 1) / 12,1)),IF(YEAR(E13)<2026,G13,0)) -> 15 | I13: =SUM(N13:Y13) -> 1 | J13: =COUNTIFS('2026 Time Off Request'!$A$2:$A$822,D13,'2026 Time Off Request'!$E$2:$E$822,"UNPAID") -> 0 | K13: =H13-I13 -> 14 | L13: =K13/G13 -> 0.93333333 | N13: =_xlfn.XLOOKUP($D13,'Jan 2026'!$D:$D,'Jan 2026'!$E:$E) -> 1 | O13: =_xlfn.XLOOKUP($D13,'Feb 2026'!$D:$D,'Feb 2026'!$E:$E) -> 0 | P13: =_xlfn.XLOOKUP($D13,'Mar 2026'!$D:$D,'Mar 2026'!$E:$E) -> 0 | Q13: =_xlfn.XLOOKUP($D13,'April 2026'!$D:$D,'April 2026'!$E:$E) -> 0 | R13: =_xlfn.XLOOKUP($D13,'May 2026'!$D:$D,'May 2026'!$E:$E) -> 0 | S13: =_xlfn.XLOOKUP($D13,'June 2026'!$D:$D,'June 2026'!$E:$E) -> 0 | T13: =_xlfn.XLOOKUP($D13,'July 2026'!$D:$D,'July 2026'!$E:$E) -> 0 | U13: =_xlfn.XLOOKUP($D13,'Aug 2026'!$D:$D,'Aug 2026'!$E:$E) -> 0 | V13: =_xlfn.XLOOKUP($D13,'Sept 2026'!$D:$D,'Sept 2026'!$E:$E) -> 0 | W13: =_xlfn.XLOOKUP($D13,'Oct 2026'!$D:$D,'Oct 2026'!$E:$E) -> 0 | X13: =_xlfn.XLOOKUP($D13,'Nov 2026'!$D:$D,'Nov 2026'!$E:$E) -> 0 | Y13: =_xlfn.XLOOKUP($D13,'Dec 2026'!$D:$D,'Dec 2026'!$E:$E) -> 0
A14: 12 | B14: RM | C14: Regional Manager | D14: Harlow, Mark | E14: =_xlfn.XLOOKUP(D14,'Contract Entitlement'!$D$4:$D$61,'Contract Entitlement'!$G$4:$G$61) -> 44811 | G14: =_xlfn.XLOOKUP(D14,'Contract Entitlement'!$D$4:$D$61,'Contract Entitlement'!$F$4:$F$61) -> 15 | H14: =IF(YEAR(E14)=2026,IF(DAY(E14)<15,CEILING(G14 * (12 - MONTH(E14) + 1) / 12,1),FLOOR(G14 * (12 - MONTH(E14) + 1) / 12,1)),IF(YEAR(E14)<2026,G14,0)) -> 15 | I14: =SUM(N14:Y14) -> 6 | J14: =COUNTIFS('2026 Time Off Request'!$A$2:$A$822,D14,'2026 Time Off Request'!$E$2:$E$822,"UNPAID") -> 0 | K14: =H14-I14 -> 9 | L14: =K14/G14 -> 0.6 | N14: =_xlfn.XLOOKUP($D14,'Jan 2026'!$D:$D,'Jan 2026'!$E:$E) -> 1 | O14: =_xlfn.XLOOKUP($D14,'Feb 2026'!$D:$D,'Feb 2026'!$E:$E) -> 2 | P14: =_xlfn.XLOOKUP($D14,'Mar 2026'!$D:$D,'Mar 2026'!$E:$E) -> 1 | Q14: =_xlfn.XLOOKUP($D14,'April 2026'!$D:$D,'April 2026'!$E:$E) -> 0 | R14: =_xlfn.XLOOKUP($D14,'May 2026'!$D:$D,'May 2026'!$E:$E) -> 0 | S14: =_xlfn.XLOOKUP($D14,'June 2026'!$D:$D,'June 2026'!$E:$E) -> 0 | T14: =_xlfn.XLOOKUP($D14,'July 2026'!$D:$D,'July 2026'!$E:$E) -> 0 | U14: =_xlfn.XLOOKUP($D14,'Aug 2026'!$D:$D,'Aug 2026'!$E:$E) -> 2 | V14: =_xlfn.XLOOKUP($D14,'Sept 2026'!$D:$D,'Sept 2026'!$E:$E) -> 0 | W14: =_xlfn.XLOOKUP($D14,'Oct 2026'!$D:$D,'Oct 2026'!$E:$E) -> 0 | X14: =_xlfn.XLOOKUP($D14,'Nov 2026'!$D:$D,'Nov 2026'!$E:$E) -> 0 | Y14: =_xlfn.XLOOKUP($D14,'Dec 2026'!$D:$D,'Dec 2026'!$E:$E) -> 0
A15: 13 | B15: RM | C15: Regional Manager | D15: Ciccone, Shelley | E15: =_xlfn.XLOOKUP(D15,'Contract Entitlement'!$D$4:$D$61,'Contract Entitlement'!$G$4:$G$61) -> 45964 | G15: =_xlfn.XLOOKUP(D15,'Contract Entitlement'!$D$4:$D$61,'Contract Entitlement'!$F$4:$F$61) -> 15 | H15: =IF(YEAR(E15)=2026,IF(DAY(E15)<15,CEILING(G15 * (12 - MONTH(E15) + 1) / 12,1),FLOOR(G15 * (12 - MONTH(E15) + 1) / 12,1)),IF(YEAR(E15)<2026,G15,0)) -> 15 | I15: =SUM(N15:Y15) -> 0 | J15: =COUNTIFS('2026 Time Off Request'!$A$2:$A$822,D15,'2026 Time Off Request'!$E$2:$E$822,"UNPAID") -> 0 | K15: =H15-I15 -> 15 | L15: =K15/G15 -> 1 | N15: =_xlfn.XLOOKUP($D15,'Jan 2026'!$D:$D,'Jan 2026'!$E:$E) -> 0 | O15: =_xlfn.XLOOKUP($D15,'Feb 2026'!$D:$D,'Feb 2026'!$E:$E) -> 0 | P15: =_xlfn.XLOOKUP($D15,'Mar 2026'!$D:$D,'Mar 2026'!$E:$E) -> 0 | Q15: =_xlfn.XLOOKUP($D15,'April 2026'!$D:$D,'April 2026'!$E:$E) -> 0 | R15: =_xlfn.XLOOKUP($D15,'May 2026'!$D:$D,'May 2026'!$E:$E) -> 0 | S15: =_xlfn.XLOOKUP($D15,'June 2026'!$D:$D,'June 2026'!$E:$E) -> 0 | T15: =_xlfn.XLOOKUP($D15,'July 2026'!$D:$D,'July 2026'!$E:$E) -> 0 | U15: =_xlfn.XLOOKUP($D15,'Aug 2026'!$D:$D,'Aug 2026'!$E:$E) -> 0 | V15: =_xlfn.XLOOKUP($D15,'Sept 2026'!$D:$D,'Sept 2026'!$E:$E) -> 0 | W15: =_xlfn.XLOOKUP($D15,'Oct 2026'!$D:$D,'Oct 2026'!$E:$E) -> 0 | X15: =_xlfn.XLOOKUP($D15,'Nov 2026'!$D:$D,'Nov 2026'!$E:$E) -> 0 | Y15: =_xlfn.XLOOKUP($D15,'Dec 2026'!$D:$D,'Dec 2026'!$E:$E) -> 0
A16: 14 | B16: ST | C16: Regional Manager | D16: Habash, Odeh Justin | E16: =_xlfn.XLOOKUP(D16,'Contract Entitlement'!$D$4:$D$61,'Contract Entitlement'!$G$4:$G$61) -> 45826 | G16: =_xlfn.XLOOKUP(D16,'Contract Entitlement'!$D$4:$D$61,'Contract Entitlement'!$F$4:$F$61) -> 10 | H16: =IF(YEAR(E16)=2026,IF(DAY(E16)<15,CEILING(G16 * (12 - MONTH(E16) + 1) / 12,1),FLOOR(G16 * (12 - MONTH(E16) + 1) / 12,1)),IF(YEAR(E16)<2026,G16,0)) -> 10 | I16: =SUM(N16:Y16) -> 0 | J16: =COUNTIFS('2026 Time Off Request'!$A$2:$A$822,D16,'2026 Time Off Request'!$E$2:$E$822,"UNPAID") -> 0 | K16: =H16-I16 -> 10 | L16: =K16/G16 -> 1 | N16: =_xlfn.XLOOKUP($D16,'Jan 2026'!$D:$D,'Jan 2026'!$E:$E) -> 0 | O16: =_xlfn.XLOOKUP($D16,'Feb 2026'!$D:$D,'Feb 2026'!$E:$E) -> 0 | P16: =_xlfn.XLOOKUP($D16,'Mar 2026'!$D:$D,'Mar 2026'!$E:$E) -> 0 | Q16: =_xlfn.XLOOKUP($D16,'April 2026'!$D:$D,'April 2026'!$E:$E) -> 0 | R16: =_xlfn.XLOOKUP($D16,'May 2026'!$D:$D,'May 2026'!$E:$E) -> 0 | S16: =_xlfn.XLOOKUP($D16,'June 2026'!$D:$D,'June 2026'!$E:$E) -> 0 | T16: =_xlfn.XLOOKUP($D16,'July 2026'!$D:$D,'July 2026'!$E:$E) -> 0 | U16: =_xlfn.XLOOKUP($D16,'Aug 2026'!$D:$D,'Aug 2026'!$E:$E) -> 0 | V16: =_xlfn.XLOOKUP($D16,'Sept 2026'!$D:$D,'Sept 2026'!$E:$E) -> 0 | W16: =_xlfn.XLOOKUP($D16,'Oct 2026'!$D:$D,'Oct 2026'!$E:$E) -> 0 | X16: =_xlfn.XLOOKUP($D16,'Nov 2026'!$D:$D,'Nov 2026'!$E:$E) -> 0 | Y16: =_xlfn.XLOOKUP($D16,'Dec 2026'!$D:$D,'Dec 2026'!$E:$E) -> 0
... A19: 17 | B19: ST | C19: Talent Acquisition Specialist | D19: Zymeri, Rineta | E19: =_xlfn.XLOOKUP(D19,'Contract Entitlement'!$D$4:$D$61,'Contract Entitlement'!$G$4:$G$61) -> 45882 | G19: =_xlfn.XLOOKUP(D19,'Contract Entitlement'!$D$4:$D$61,'Contract Entitlement'!$F$4:$F$61) -> 15 | H19: =IF(YEAR(E19)=2026,IF(DAY(E19)<15,CEILING(G19 * (12 - MONTH(E19) + 1) / 12,1),FLOOR(G19 * (12 - MONTH(E19) + 1) / 12,1)),IF(YEAR(E19)<2026,G19,0)) -> 15 | I19: =SUM(N19:Y19) -> 0 | J19: =COUNTIFS('2026 Time Off Request'!$A$2:$A$822,D19,'2026 Time Off Request'!$E$2:$E$822,"UNPAID") -> 0 | K19: =H19-I19 -> 15 | L19: =K19/G19 -> 1 | N19: =_xlfn.XLOOKUP($D19,'Jan 2026'!$D:$D,'Jan 2026'!$E:$E) -> 0 | O19: =_xlfn.XLOOKUP($D19,'Feb 2026'!$D:$D,'Feb 2026'!$E:$E) -> 0 | P19: =_xlfn.XLOOKUP($D19,'Mar 2026'!$D:$D,'Mar 2026'!$E:$E) -> 0 | Q19: =_xlfn.XLOOKUP($D19,'April 2026'!$D:$D,'April 2026'!$E:$E) -> 0 | R19: =_xlfn.XLOOKUP($D19,'May 2026'!$D:$D,'May 2026'!$E:$E) -> 0 | S19: =_xlfn.XLOOKUP($D19,'June 2026'!$D:$D,'June 2026'!$E:$E) -> 0 | T19: =_xlfn.XLOOKUP($D19,'July 2026'!$D:$D,'July 2026'!$E:$E) -> 0 | U19: =_xlfn.XLOOKUP($D19,'Aug 2026'!$D:$D,'Aug 2026'!$E:$E) -> 0 | V19: =_xlfn.XLOOKUP($D19,'Sept 2026'!$D:$D,'Sept 2026'!$E:$E) -> 0 | W19: =_xlfn.XLOOKUP($D19,'Oct 2026'!$D:$D,'Oct 2026'!$E:$E) -> 0 | X19: =_xlfn.XLOOKUP($D19,'Nov 2026'!$D:$D,'Nov 2026'!$E:$E) -> 0 | Y19: =_xlfn.XLOOKUP($D19,'Dec 2026'!$D:$D,'Dec 2026'!$E:$E) -> 0
B20: ST | C20: Talent Acquisition Specialist | D20: Kaiser, Erika | E20: =_xlfn.XLOOKUP(D20,'Contract Entitlement'!$D$4:$D$61,'Contract Entitlement'!$G$4:$G$61) -> 46076 | G20: =_xlfn.XLOOKUP(D20,'Contract Entitlement'!$D$4:$D$61,'Contract Entitlement'!$F$4:$F$61) -> 15 | H20: =IF(YEAR(E20)=2026,IF(DAY(E20)<15,CEILING(G20 * (12 - MONTH(E20) + 1) / 12,1),FLOOR(G20 * (12 - MONTH(E20) + 1) / 12,1)),IF(YEAR(E20)<2026,G20,0)) -> 13 | I20: =SUM(O20:Y20) -> 0 | J20: =COUNTIFS('2026 Time Off Request'!$A$2:$A$822,D20,'2026 Time Off Request'!$E$2:$E$822,"UNPAID") -> 0 | K20: =H20-I20 -> 13 | L20: =K20/G20 -> 0.86666667 | N20: =_xlfn.XLOOKUP($D20,'Jan 2026'!$D:$D,'Jan 2026'!$E:$E) -> #N/A | O20: =_xlfn.XLOOKUP($D20,'Feb 2026'!$D:$D,'Feb 2026'!$E:$E) -> 0 | P20: =_xlfn.XLOOKUP($D20,'Mar 2026'!$D:$D,'Mar 2026'!$E:$E) -> 0 | Q20: =_xlfn.XLOOKUP($D20,'April 2026'!$D:$D,'April 2026'!$E:$E) -> 0 | R20: =_xlfn.XLOOKUP($D20,'May 2026'!$D:$D,'May 2026'!$E:$E) -> 0 | S20: =_xlfn.XLOOKUP($D20,'June 2026'!$D:$D,'June 2026'!$E:$E) -> 0 | T20: =_xlfn.XLOOKUP($D20,'July 2026'!$D:$D,'July 2026'!$E:$E) -> 0 | U20: =_xlfn.XLOOKUP($D20,'Aug 2026'!$D:$D,'Aug 2026'!$E:$E) -> 0 | V20: =_xlfn.XLOOKUP($D20,'Sept 2026'!$D:$D,'Sept 2026'!$E:$E) -> 0 | W20: =_xlfn.XLOOKUP($D20,'Oct 2026'!$D:$D,'Oct 2026'!$E:$E) -> 0 | X20: =_xlfn.XLOOKUP($D20,'Nov 2026'!$D:$D,'Nov 2026'!$E:$E) -> 0 | Y20: =_xlfn.XLOOKUP($D20,'Dec 2026'!$D:$D,'Dec 2026'!$E:$E) -> 0
A21: 18 | B21: ST | C21: Project Manager | D21: Rana, Surya | E21: =_xlfn.XLOOKUP(D21,'Contract Entitlement'!$D$4:$D$61,'Contract Entitlement'!$G$4:$G$61) -> 45538 | G21: =_xlfn.XLOOKUP(D21,'Contract Entitlement'!$D$4:$D$61,'Contract Entitlement'!$F$4:$F$61) -> 15 | H21: =IF(YEAR(E21)=2026,IF(DAY(E21)<15,CEILING(G21 * (12 - MONTH(E21) + 1) / 12,1),FLOOR(G21 * (12 - MONTH(E21) + 1) / 12,1)),IF(YEAR(E21)<2026,G21,0)) -> 15 | I21: =SUM(N21:Y21) -> 5 | J21: =COUNTIFS('2026 Time Off Request'!$A$2:$A$822,D21,'2026 Time Off Request'!$E$2:$E$822,"UNPAID") -> 0 | K21: =H21-I21 -> 10 | L21: =K21/G21 -> 0.66666667 | N21: =_xlfn.XLOOKUP($D21,'Jan 2026'!$D:$D,'Jan 2026'!$E:$E) -> 3 | O21: =_xlfn.XLOOKUP($D21,'Feb 2026'!$D:$D,'Feb 2026'!$E:$E) -> 2 | P21: =_xlfn.XLOOKUP($D21,'Mar 2026'!$D:$D,'Mar 2026'!$E:$E) -> 0 | Q21: =_xlfn.XLOOKUP($D21,'April 2026'!$D:$D,'April 2026'!$E:$E) -> 0 | R21: =_xlfn.XLOOKUP($D21,'May 2026'!$D:$D,'May 2026'!$E:$E) -> 0 | S21: =_xlfn.XLOOKUP($D21,'June 2026'!$D:$D,'June 2026'!$E:$E) -> 0 | T21: =_xlfn.XLOOKUP($D21,'July 2026'!$D:$D,'July 2026'!$E:$E) -> 0 | U21: =_xlfn.XLOOKUP($D21,'Aug 2026'!$D:$D,'Aug 2026'!$E:$E) -> 0 | V21: =_xlfn.XLOOKUP($D21,'Sept 2026'!$D:$D,'Sept 2026'!$E:$E) -> 0 | W21: =_xlfn.XLOOKUP($D21,'Oct 2026'!$D:$D,'Oct 2026'!$E:$E) -> 0 | X21: =_xlfn.XLOOKUP($D21,'Nov 2026'!$D:$D,'Nov 2026'!$E:$E) -> 0 | Y21: =_xlfn.XLOOKUP($D21,'Dec 2026'!$D:$D,'Dec 2026'!$E:$E) -> 0
B22: ST | C22: Project Manager | D22: Srikanth, Asha | E22: =_xlfn.XLOOKUP(D22,'Contract Entitlement'!$D$4:$D$61,'Contract Entitlement'!$G$4:$G$61) -> 46076 | G22: =_xlfn.XLOOKUP(D22,'Contract Entitlement'!$D$4:$D$61,'Contract Entitlement'!$F$4:$F$61) -> 10 | H22: =IF(YEAR(E22)=2026,IF(DAY(E22)<15,CEILING(G22 * (12 - MONTH(E22) + 1) / 12,1),FLOOR(G22 * (12 - MONTH(E22) + 1) / 12,1)),IF(YEAR(E22)<2026,G22,0)) -> 9 | I22: =SUM(O22:Y22) -> 0 | J22: =COUNTIFS('2026 Time Off Request'!$A$2:$A$822,D22,'2026 Time Off Request'!$E$2:$E$822,"UNPAID") -> 0 | K22: =H22-I22 -> 9 | L22: =K22/G22 -> 0.9 | N22: =_xlfn.XLOOKUP($D22,'Jan 2026'!$D:$D,'Jan 2026'!$E:$E) -> #N/A | O22: =_xlfn.XLOOKUP($D22,'Feb 2026'!$D:$D,'Feb 2026'!$E:$E) -> 0 | P22: =_xlfn.XLOOKUP($D22,'Mar 2026'!$D:$D,'Mar 2026'!$E:$E) -> 0 | Q22: =_xlfn.XLOOKUP($D22,'April 2026'!$D:$D,'April 2026'!$E:$E) -> 0 | R22: =_xlfn.XLOOKUP($D22,'May 2026'!$D:$D,'May 2026'!$E:$E) -> 0 | S22: =_xlfn.XLOOKUP($D22,'June 2026'!$D:$D,'June 2026'!$E:$E) -> 0 | T22: =_xlfn.XLOOKUP($D22,'July 2026'!$D:$D,'July 2026'!$E:$E) -> 0 | U22: =_xlfn.XLOOKUP($D22,'Aug 2026'!$D:$D,'Aug 2026'!$E:$E) -> 0 | V22: =_xlfn.XLOOKUP($D22,'Sept 2026'!$D:$D,'Sept 2026'!$E:$E) -> 0 | W22: =_xlfn.XLOOKUP($D22,'Oct 2026'!$D:$D,'Oct 2026'!$E:$E) -> 0 | X22: =_xlfn.XLOOKUP($D22,'Nov 2026'!$D:$D,'Nov 2026'!$E:$E) -> 0 | Y22: =_xlfn.XLOOKUP($D22,'Dec 2026'!$D:$D,'Dec 2026'!$E:$E) -> 0
A23: 19 | B23: ST | C23: IT Support Specialist | D23: Armstrong, David | E23: =_xlfn.XLOOKUP(D23,'Contract Entitlement'!$D$4:$D$61,'Contract Entitlement'!$G$4:$G$61) -> 44522 | G23: =_xlfn.XLOOKUP(D23,'Contract Entitlement'!$D$4:$D$61,'Contract Entitlement'!$F$4:$F$61) -> 15 | H23: =IF(YEAR(E23)=2026,IF(DAY(E23)<15,CEILING(G23 * (12 - MONTH(E23) + 1) / 12,1),FLOOR(G23 * (12 - MONTH(E23) + 1) / 12,1)),IF(YEAR(E23)<2026,G23,0)) -> 15 | I23: =SUM(N23:Y23) -> 1 | J23: =COUNTIFS('2026 Time Off Request'!$A$2:$A$822,D23,'2026 Time Off Request'!$E$2:$E$822,"UNPAID") -> 0 | K23: =H23-I23 -> 14 | L23: =K23/G23 -> 0.93333333 | N23: =_xlfn.XLOOKUP($D23,'Jan 2026'!$D:$D,'Jan 2026'!$E:$E) -> 0 | O23: =_xlfn.XLOOKUP($D23,'Feb 2026'!$D:$D,'Feb 2026'!$E:$E) -> 0 | P23: =_xlfn.XLOOKUP($D23,'Mar 2026'!$D:$D,'Mar 2026'!$E:$E) -> 1 | Q23: =_xlfn.XLOOKUP($D23,'April 2026'!$D:$D,'April 2026'!$E:$E) -> 0 | R23: =_xlfn.XLOOKUP($D23,'May 2026'!$D:$D,'May 2026'!$E:$E) -> 0 | S23: =_xlfn.XLOOKUP($D23,'June 2026'!$D:$D,'June 2026'!$E:$E) -> 0 | T23: =_xlfn.XLOOKUP($D23,'July 2026'!$D:$D,'July 2026'!$E:$E) -> 0 | U23: =_xlfn.XLOOKUP($D23,'Aug 2026'!$D:$D,'Aug 2026'!$E:$E) -> 0 | V23: =_xlfn.XLOOKUP($D23,'Sept 2026'!$D:$D,'Sept 2026'!$E:$E) -> 0 | W23: =_xlfn.XLOOKUP($D23,'Oct 2026'!$D:$D,'Oct 2026'!$E:$E) -> 0 | X23: =_xlfn.XLOOKUP($D23,'Nov 2026'!$D:$D,'Nov 2026'!$E:$E) -> 0 | Y23: =_xlfn.XLOOKUP($D23,'Dec 2026'!$D:$D,'Dec 2026'!$E:$E) -> 0
A24: 20 | B24: ST | C24: Solutions Architect | D24: Puri, Deepesh | E24: =_xlfn.XLOOKUP(D24,'Contract Entitlement'!$D$4:$D$61,'Contract Entitlement'!$G$4:$G$61) -> 45831 | G24: =_xlfn.XLOOKUP(D24,'Contract Entitlement'!$D$4:$D$61,'Contract Entitlement'!$F$4:$F$61) -> 10 | H24: =IF(YEAR(E24)=2026,IF(DAY(E24)<15,CEILING(G24 * (12 - MONTH(E24) + 1) / 12,1),FLOOR(G24 * (12 - MONTH(E24) + 1) / 12,1)),IF(YEAR(E24)<2026,G24,0)) -> 10 | I24: =SUM(N24:Y24) -> 0 | J24: =COUNTIFS('2026 Time Off Request'!$A$2:$A$822,D24,'2026 Time Off Request'!$E$2:$E$822,"UNPAID") -> 0 | K24: =H24-I24 -> 10 | L24: =K24/G24 -> 1 | N24: =_xlfn.XLOOKUP($D24,'Jan 2026'!$D:$D,'Jan 2026'!$E:$E) -> 0 | O24: =_xlfn.XLOOKUP($D24,'Feb 2026'!$D:$D,'Feb 2026'!$E:$E) -> 0 | P24: =_xlfn.XLOOKUP($D24,'Mar 2026'!$D:$D,'Mar 2026'!$E:$E) -> 0 | Q24: =_xlfn.XLOOKUP($D24,'April 2026'!$D:$D,'April 2026'!$E:$E) -> 0 | R24: =_xlfn.XLOOKUP($D24,'May 2026'!$D:$D,'May 2026'!$E:$E) -> 0 | S24: =_xlfn.XLOOKUP($D24,'June 2026'!$D:$D,'June 2026'!$E:$E) -> 0 | T24: =_xlfn.XLOOKUP($D24,'July 2026'!$D:$D,'July 2026'!$E:$E) -> 0 | U24: =_xlfn.XLOOKUP($D24,'Aug 2026'!$D:$D,'Aug 2026'!$E:$E) -> 0 | V24: =_xlfn.XLOOKUP($D24,'Sept 2026'!$D:$D,'Sept 2026'!$E:$E) -> 0 | W24: =_xlfn.XLOOKUP($D24,'Oct 2026'!$D:$D,'Oct 2026'!$E:$E) -> 0 | X24: =_xlfn.XLOOKUP($D24,'Nov 2026'!$D:$D,'Nov 2026'!$E:$E) -> 0 | Y24: =_xlfn.XLOOKUP($D24,'Dec 2026'!$D:$D,'Dec 2026'!$E:$E) -> 0
B25: ST | C25: Data Analyst | D25: Lopez, David | E25: =_xlfn.XLOOKUP(D25,'Contract Entitlement'!$D$4:$D$61,'Contract Entitlement'!$G$4:$G$61) -> 46078 | G25: =_xlfn.XLOOKUP(D25,'Contract Entitlement'!$D$4:$D$61,'Contract Entitlement'!$F$4:$F$61) -> 10 | H25: =IF(YEAR(E25)=2026,IF(DAY(E25)<15,CEILING(G25 * (12 - MONTH(E25) + 1) / 12,1),FLOOR(G25 * (12 - MONTH(E25) + 1) / 12,1)),IF(YEAR(E25)<2026,G25,0)) -> 9 | I25: =SUM(O25:Y25) -> 0 | J25: =COUNTIFS('2026 Time Off Request'!$A$2:$A$822,D25,'2026 Time Off Request'!$E$2:$E$822,"UNPAID") -> 0 | K25: =H25-I25 -> 9 | L25: =K25/G25 -> 0.9 | N25: =_xlfn.XLOOKUP($D25,'Jan 2026'!$D:$D,'Jan 2026'!$E:$E) -> #N/A | O25: =_xlfn.XLOOKUP($D25,'Feb 2026'!$D:$D,'Feb 2026'!$E:$E) -> 0 | P25: =_xlfn.XLOOKUP($D25,'Mar 2026'!$D:$D,'Mar 2026'!$E:$E) -> 0 | Q25: =_xlfn.XLOOKUP($D25,'April 2026'!$D:$D,'April 2026'!$E:$E) -> 0 | R25: =_xlfn.XLOOKUP($D25,'May 2026'!$D:$D,'May 2026'!$E:$E) -> 0 | S25: =_xlfn.XLOOKUP($D25,'June 2026'!$D:$D,'June 2026'!$E:$E) -> 0 | T25: =_xlfn.XLOOKUP($D25,'July 2026'!$D:$D,'July 2026'!$E:$E) -> 0 | U25: =_xlfn.XLOOKUP($D25,'Aug 2026'!$D:$D,'Aug 2026'!$E:$E) -> 0 | V25: =_xlfn.XLOOKUP($D25,'Sept 2026'!$D:$D,'Sept 2026'!$E:$E) -> 0 | W25: =_xlfn.XLOOKUP($D25,'Oct 2026'!$D:$D,'Oct 2026'!$E:$E) -> 0 | X25: =_xlfn.XLOOKUP($D25,'Nov 2026'!$D:$D,'Nov 2026'!$E:$E) -> 0 | Y25: =_xlfn.XLOOKUP($D25,'Dec 2026'!$D:$D,'Dec 2026'!$E:$E) -> 0
A26: 21 | B26: ST Mgr | C26: Digital Marketing Manager | D26: Abi Khalil, Marwan | E26: =_xlfn.XLOOKUP(D26,'Contract Entitlement'!$D$4:$D$61,'Contract Entitlement'!$G$4:$G$61) -> 45152 | G26: =_xlfn.XLOOKUP(D26,'Contract Entitlement'!$D$4:$D$61,'Contract Entitlement'!$F$4:$F$61) -> 20 | H26: =IF(YEAR(E26)=2026,IF(DAY(E26)<15,CEILING(G26 * (12 - MONTH(E26) + 1) / 12,1),FLOOR(G26 * (12 - MONTH(E26) + 1) / 12,1)),IF(YEAR(E26)<2026,G26,0)) -> 20 | I26: =SUM(N26:Y26) -> 1 | J26: =COUNTIFS('2026 Time Off Request'!$A$2:$A$822,D26,'2026 Time Off Request'!$E$2:$E$822,"UNPAID") -> 0 | K26: =H26-I26 -> 19 | L26: =K26/G26 -> 0.95 | N26: =_xlfn.XLOOKUP($D26,'Jan 2026'!$D:$D,'Jan 2026'!$E:$E) -> 0 | O26: =_xlfn.XLOOKUP($D26,'Feb 2026'!$D:$D,'Feb 2026'!$E:$E) -> 0 | P26: =_xlfn.XLOOKUP($D26,'Mar 2026'!$D:$D,'Mar 2026'!$E:$E) -> 1 | Q26: =_xlfn.XLOOKUP($D26,'April 2026'!$D:$D,'April 2026'!$E:$E) -> 0 | R26: =_xlfn.XLOOKUP($D26,'May 2026'!$D:$D,'May 2026'!$E:$E) -> 0 | S26: =_xlfn.XLOOKUP($D26,'June 2026'!$D:$D,'June 2026'!$E:$E) -> 0 | T26: =_xlfn.XLOOKUP($D26,'July 2026'!$D:$D,'July 2026'!$E:$E) -> 0 | U26: =_xlfn.XLOOKUP($D26,'Aug 2026'!$D:$D,'Aug 2026'!$E:$E) -> 0 | V26: =_xlfn.XLOOKUP($D26,'Sept 2026'!$D:$D,'Sept 2026'!$E:$E) -> 0 | W26: =_xlfn.XLOOKUP($D26,'Oct 2026'!$D:$D,'Oct 2026'!$E:$E) -> 0 | X26: =_xlfn.XLOOKUP($D26,'Nov 2026'!$D:$D,'Nov 2026'!$E:$E) -> 0 | Y26: =_xlfn.XLOOKUP($D26,'Dec 2026'!$D:$D,'Dec 2026'!$E:$E) -> 0
A27: 22 | B27: ST Mgr | C27: Sr. Design Manager | D27: Ford, Claire | E27: =_xlfn.XLOOKUP(D27,'Contract Entitlement'!$D$4:$D$61,'Contract Entitlement'!$G$4:$G$61) -> 45964 | G27: =_xlfn.XLOOKUP(D27,'Contract Entitlement'!$D$4:$D$61,'Contract Entitlement'!$F$4:$F$61) -> 15 | H27: =IF(YEAR(E27)=2026,IF(DAY(E27)<15,CEILING(G27 * (12 - MONTH(E27) + 1) / 12,1),FLOOR(G27 * (12 - MONTH(E27) + 1) / 12,1)),IF(YEAR(E27)<2026,G27,0)) -> 15 | I27: =SUM(N27:Y27) -> 2 | J27: =COUNTIFS('2026 Time Off Request'!$A$2:$A$822,D27,'2026 Time Off Request'!$E$2:$E$822,"UNPAID") -> 0 | K27: =H27-I27 -> 13 | L27: =K27/G27 -> 0.86666667 | N27: =_xlfn.XLOOKUP($D27,'Jan 2026'!$D:$D,'Jan 2026'!$E:$E) -> 0 | O27: =_xlfn.XLOOKUP($D27,'Feb 2026'!$D:$D,'Feb 2026'!$E:$E) -> 1 | P27: =_xlfn.XLOOKUP($D27,'Mar 2026'!$D:$D,'Mar 2026'!$E:$E) -> 1 | Q27: =_xlfn.XLOOKUP($D27,'April 2026'!$D:$D,'April 2026'!$E:$E) -> 0 | R27: =_xlfn.XLOOKUP($D27,'May 2026'!$D:$D,'May 2026'!$E:$E) -> 0 | S27: =_xlfn.XLOOKUP($D27,'June 2026'!$D:$D,'June 2026'!$E:$E) -> 0 | T27: =_xlfn.XLOOKUP($D27,'July 2026'!$D:$D,'July 2026'!$E:$E) -> 0 | U27: =_xlfn.XLOOKUP($D27,'Aug 2026'!$D:$D,'Aug 2026'!$E:$E) -> 0 | V27: =_xlfn.XLOOKUP($D27,'Sept 2026'!$D:$D,'Sept 2026'!$E:$E) -> 0 | W27: =_xlfn.XLOOKUP($D27,'Oct 2026'!$D:$D,'Oct 2026'!$E:$E) -> 0 | X27: =_xlfn.XLOOKUP($D27,'Nov 2026'!$D:$D,'Nov 2026'!$E:$E) -> 0 | Y27: =_xlfn.XLOOKUP($D27,'Dec 2026'!$D:$D,'Dec 2026'!$E:$E) -> 0
A28: 23 | B28: ST | C28: Event Planner | D28: Clark, Celestyna Ruth | E28: =_xlfn.XLOOKUP(D28,'Contract Entitlement'!$D$4:$D$61,'Contract Entitlement'!$G$4:$G$61) -> 45712 | G28: =_xlfn.XLOOKUP(D28,'Contract Entitlement'!$D$4:$D$61,'Contract Entitlement'!$F$4:$F$61) -> 10 | H28: =IF(YEAR(E28)=2026,IF(DAY(E28)<15,CEILING(G28 * (12 - MONTH(E28) + 1) / 12,1),FLOOR(G28 * (12 - MONTH(E28) + 1) / 12,1)),IF(YEAR(E28)<2026,G28,0)) -> 10 | I28: =SUM(N28:Y28) -> 4 | J28: =COUNTIFS('2026 Time Off Request'!$A$2:$A$822,D28,'2026 Time Off Request'!$E$2:$E$822,"UNPAID") -> 0 | K28: =H28-I28 -> 6 | L28: =K28/G28 -> 0.6 | N28: =_xlfn.XLOOKUP($D28,'Jan 2026'!$D:$D,'Jan 2026'!$E:$E) -> 3 | O28: =_xlfn.XLOOKUP($D28,'Feb 2026'!$D:$D,'Feb 2026'!$E:$E) -> 0 | P28: =_xlfn.XLOOKUP($D28,'Mar 2026'!$D:$D,'Mar 2026'!$E:$E) -> 1 | Q28: =_xlfn.XLOOKUP($D28,'April 2026'!$D:$D,'April 2026'!$E:$E) -> 0 | R28: =_xlfn.XLOOKUP($D28,'May 2026'!$D:$D,'May 2026'!$E:$E) -> 0 | S28: =_xlfn.XLOOKUP($D28,'June 2026'!$D:$D,'June 2026'!$E:$E) -> 0 | T28: =_xlfn.XLOOKUP($D28,'July 2026'!$D:$D,'July 2026'!$E:$E) -> 0 | U28: =_xlfn.XLOOKUP($D28,'Aug 2026'!$D:$D,'Aug 2026'!$E:$E) -> 0 | V28: =_xlfn.XLOOKUP($D28,'Sept 2026'!$D:$D,'Sept 2026'!$E:$E) -> 0 | W28: =_xlfn.XLOOKUP($D28,'Oct 2026'!$D:$D,'Oct 2026'!$E:$E) -> 0 | X28: =_xlfn.XLOOKUP($D28,'Nov 2026'!$D:$D,'Nov 2026'!$E:$E) -> 0 | Y28: =_xlfn.XLOOKUP($D28,'Dec 2026'!$D:$D,'Dec 2026'!$E:$E) -> 0
A29: 24 | B29: ST | C29: Creative Designer | D29: Kedia, Vidhisha | E29: =_xlfn.XLOOKUP(D29,'Contract Entitlement'!$D$4:$D$61,'Contract Entitlement'!$G$4:$G$61) -> 45264 | G29: =_xlfn.XLOOKUP(D29,'Contract Entitlement'!$D$4:$D$61,'Contract Entitlement'!$F$4:$F$61) -> 10 | H29: =IF(YEAR(E29)=2026,IF(DAY(E29)<15,CEILING(G29 * (12 - MONTH(E29) + 1) / 12,1),FLOOR(G29 * (12 - MONTH(E29) + 1) / 12,1)),IF(YEAR(E29)<2026,G29,0)) -> 10 | I29: =SUM(N29:Y29) -> 0 | J29: =COUNTIFS('2026 Time Off Request'!$A$2:$A$822,D29,'2026 Time Off Request'!$E$2:$E$822,"UNPAID") -> 0 | K29: =H29-I29 -> 10 | L29: =K29/G29 -> 1 | N29: =_xlfn.XLOOKUP($D29,'Jan 2026'!$D:$D,'Jan 2026'!$E:$E) -> 0 | O29: =_xlfn.XLOOKUP($D29,'Feb 2026'!$D:$D,'Feb 2026'!$E:$E) -> 0 | P29: =_xlfn.XLOOKUP($D29,'Mar 2026'!$D:$D,'Mar 2026'!$E:$E) -> 0 | Q29: =_xlfn.XLOOKUP($D29,'April 2026'!$D:$D,'April 2026'!$E:$E) -> 0 | R29: =_xlfn.XLOOKUP($D29,'May 2026'!$D:$D,'May 2026'!$E:$E) -> 0 | S29: =_xlfn.XLOOKUP($D29,'June 2026'!$D:$D,'June 2026'!$E:$E) -> 0 | T29: =_xlfn.XLOOKUP($D29,'July 2026'!$D:$D,'July 2026'!$E:$E) -> 0 | U29: =_xlfn.XLOOKUP($D29,'Aug 2026'!$D:$D,'Aug 2026'!$E:$E) -> 0 | V29: =_xlfn.XLOOKUP($D29,'Sept 2026'!$D:$D,'Sept 2026'!$E:$E) -> 0 | W29: =_xlfn.XLOOKUP($D29,'Oct 2026'!$D:$D,'Oct 2026'!$E:$E) -> 0 | X29: =_xlfn.XLOOKUP($D29,'Nov 2026'!$D:$D,'Nov 2026'!$E:$E) -> 0 | Y29: =_xlfn.XLOOKUP($D29,'Dec 2026'!$D:$D,'Dec 2026'!$E:$E) -> 0
A30: 25 | B30: ST | C30: Creative Designer | D30: Kocznur, Jesse | E30: =_xlfn.XLOOKUP(D30,'Contract Entitlement'!$D$4:$D$61,'Contract Entitlement'!$G$4:$G$61) -> 45275 | G30: =_xlfn.XLOOKUP(D30,'Contract Entitlement'!$D$4:$D$61,'Contract Entitlement'!$F$4:$F$61) -> 10 | H30: =IF(YEAR(E30)=2026,IF(DAY(E30)<15,CEILING(G30 * (12 - MONTH(E30) + 1) / 12,1),FLOOR(G30 * (12 - MONTH(E30) + 1) / 12,1)),IF(YEAR(E30)<2026,G30,0)) -> 10 | I30: =SUM(N30:Y30) -> 5 | J30: =COUNTIFS('2026 Time Off Request'!$A$2:$A$822,D30,'2026 Time Off Request'!$E$2:$E$822,"UNPAID") -> 0 | K30: =H30-I30 -> 5 | L30: =K30/G30 -> 0.5 | N30: =_xlfn.XLOOKUP($D30,'Jan 2026'!$D:$D,'Jan 2026'!$E:$E) -> 0 | O30: =_xlfn.XLOOKUP($D30,'Feb 2026'!$D:$D,'Feb 2026'!$E:$E) -> 1 | P30: =_xlfn.XLOOKUP($D30,'Mar 2026'!$D:$D,'Mar 2026'!$E:$E) -> 0 | Q30: =_xlfn.XLOOKUP($D30,'April 2026'!$D:$D,'April 2026'!$E:$E) -> 0 | R30: =_xlfn.XLOOKUP($D30,'May 2026'!$D:$D,'May 2026'!$E:$E) -> 0 | S30: =_xlfn.XLOOKUP($D30,'June 2026'!$D:$D,'June 2026'!$E:$E) -> 0 | T30: =_xlfn.XLOOKUP($D30,'July 2026'!$D:$D,'July 2026'!$E:$E) -> 4 | U30: =_xlfn.XLOOKUP($D30,'Aug 2026'!$D:$D,'Aug 2026'!$E:$E) -> 0 | V30: =_xlfn.XLOOKUP($D30,'Sept 2026'!$D:$D,'Sept 2026'!$E:$E) -> 0 | W30: =_xlfn.XLOOKUP($D30,'Oct 2026'!$D:$D,'Oct 2026'!$E:$E) -> 0 | X30: =_xlfn.XLOOKUP($D30,'Nov 2026'!$D:$D,'Nov 2026'!$E:$E) -> 0 | Y30: =_xlfn.XLOOKUP($D30,'Dec 2026'!$D:$D,'Dec 2026'!$E:$E) -> 0
A31: 26 | B31: ST | C31: Motion Designer | D31: John, Jonathan | E31: =_xlfn.XLOOKUP(D31,'Contract Entitlement'!$D$4:$D$61,'Contract Entitlement'!$G$4:$G$61) -> 46050 | G31: =_xlfn.XLOOKUP(D31,'Contract Entitlement'!$D$4:$D$61,'Contract Entitlement'!$F$4:$F$61) -> 10 | H31: =IF(YEAR(E31)=2026,IF(DAY(E31)<15,CEILING(G31 * (12 - MONTH(E31) + 1) / 12,1),FLOOR(G31 * (12 - MONTH(E31) + 1) / 12,1)),IF(YEAR(E31)<2026,G31,0)) -> 10 | I31: =SUM(N31:Y31) -> 0 | J31: =COUNTIFS('2026 Time Off Request'!$A$2:$A$822,D31,'2026 Time Off Request'!$E$2:$E$822,"UNPAID") -> 0 | K31: =H31-I31 -> 10 | L31: =K31/G31 -> 1 | N31: =_xlfn.XLOOKUP($D31,'Jan 2026'!$D:$D,'Jan 2026'!$E:$E) -> 0 | O31: =_xlfn.XLOOKUP($D31,'Feb 2026'!$D:$D,'Feb 2026'!$E:$E) -> 0 | P31: =_xlfn.XLOOKUP($D31,'Mar 2026'!$D:$D,'Mar 2026'!$E:$E) -> 0 | Q31: =_xlfn.XLOOKUP($D31,'April 2026'!$D:$D,'April 2026'!$E:$E) -> 0 | R31: =_xlfn.XLOOKUP($D31,'May 2026'!$D:$D,'May 2026'!$E:$E) -> 0 | S31: =_xlfn.XLOOKUP($D31,'June 2026'!$D:$D,'June 2026'!$E:$E) -> 0 | T31: =_xlfn.XLOOKUP($D31,'July 2026'!$D:$D,'July 2026'!$E:$E) -> 0 | U31: =_xlfn.XLOOKUP($D31,'Aug 2026'!$D:$D,'Aug 2026'!$E:$E) -> 0 | V31: =_xlfn.XLOOKUP($D31,'Sept 2026'!$D:$D,'Sept 2026'!$E:$E) -> 0 | W31: =_xlfn.XLOOKUP($D31,'Oct 2026'!$D:$D,'Oct 2026'!$E:$E) -> 0 | X31: =_xlfn.XLOOKUP($D31,'Nov 2026'!$D:$D,'Nov 2026'!$E:$E) -> 0 | Y31: =_xlfn.XLOOKUP($D31,'Dec 2026'!$D:$D,'Dec 2026'!$E:$E) -> 0
A32: 27 | B32: ST Mgr | C32: Call Center Manager | D32: Jones, Brandie Gayle | E32: =_xlfn.XLOOKUP(D32,'Contract Entitlement'!$D$4:$D$61,'Contract Entitlement'!$G$4:$G$61) -> 45817 | G32: =_xlfn.XLOOKUP(D32,'Contract Entitlement'!$D$4:$D$61,'Contract Entitlement'!$F$4:$F$61) -> 15 | H32: =IF(YEAR(E32)=2026,IF(DAY(E32)<15,CEILING(G32 * (12 - MONTH(E32) + 1) / 12,1),FLOOR(G32 * (12 - MONTH(E32) + 1) / 12,1)),IF(YEAR(E32)<2026,G32,0)) -> 15 | I32: =SUM(N32:Y32) -> 5 | J32: =COUNTIFS('2026 Time Off Request'!$A$2:$A$822,D32,'2026 Time Off Request'!$E$2:$E$822,"UNPAID") -> 0 | K32: =H32-I32 -> 10 | L32: =K32/G32 -> 0.66666667 | N32: =_xlfn.XLOOKUP($D32,'Jan 2026'!$D:$D,'Jan 2026'!$E:$E) -> 0 | O32: =_xlfn.XLOOKUP($D32,'Feb 2026'!$D:$D,'Feb 2026'!$E:$E) -> 5 | P32: =_xlfn.XLOOKUP($D32,'Mar 2026'!$D:$D,'Mar 2026'!$E:$E) -> 0 | Q32: =_xlfn.XLOOKUP($D32,'April 2026'!$D:$D,'April 2026'!$E:$E) -> 0 | R32: =_xlfn.XLOOKUP($D32,'May 2026'!$D:$D,'May 2026'!$E:$E) -> 0 | S32: =_xlfn.XLOOKUP($D32,'June 2026'!$D:$D,'June 2026'!$E:$E) -> 0 | T32: =_xlfn.XLOOKUP($D32,'July 2026'!$D:$D,'July 2026'!$E:$E) -> 0 | U32: =_xlfn.XLOOKUP($D32,'Aug 2026'!$D:$D,'Aug 2026'!$E:$E) -> 0 | V32: =_xlfn.XLOOKUP($D32,'Sept 2026'!$D:$D,'Sept 2026'!$E:$E) -> 0 | W32: =_xlfn.XLOOKUP($D32,'Oct 2026'!$D:$D,'Oct 2026'!$E:$E) -> 0 | X32: =_xlfn.XLOOKUP($D32,'Nov 2026'!$D:$D,'Nov 2026'!$E:$E) -> 0 | Y32: =_xlfn.XLOOKUP($D32,'Dec 2026'!$D:$D,'Dec 2026'!$E:$E) -> 0
A33: 28 | B33: ST | C33: Call Center Rep | D33: Black, Marijna Alida | E33: =_xlfn.XLOOKUP(D33,'Contract Entitlement'!$D$4:$D$61,'Contract Entitlement'!$G$4:$G$61) -> 45833 | G33: =_xlfn.XLOOKUP(D33,'Contract Entitlement'!$D$4:$D$61,'Contract Entitlement'!$F$4:$F$61) -> 10 | H33: =IF(YEAR(E33)=2026,IF(DAY(E33)<15,CEILING(G33 * (12 - MONTH(E33) + 1) / 12,1),FLOOR(G33 * (12 - MONTH(E33) + 1) / 12,1)),IF(YEAR(E33)<2026,G33,0)) -> 10 | I33: =SUM(N33:Y33) -> 5 | J33: =COUNTIFS('2026 Time Off Request'!$A$2:$A$822,D33,'2026 Time Off Request'!$E$2:$E$822,"UNPAID") -> 5 | K33: =H33-I33 -> 5 | L33: =K33/G33 -> 0.5 | N33: =_xlfn.XLOOKUP($D33,'Jan 2026'!$D:$D,'Jan 2026'!$E:$E) -> 0 | O33: =_xlfn.XLOOKUP($D33,'Feb 2026'!$D:$D,'Feb 2026'!$E:$E) -> 0 | P33: =_xlfn.XLOOKUP($D33,'Mar 2026'!$D:$D,'Mar 2026'!$E:$E) -> 0 | Q33: =_xlfn.XLOOKUP($D33,'April 2026'!$D:$D,'April 2026'!$E:$E) -> 0 | R33: =_xlfn.XLOOKUP($D33,'May 2026'!$D:$D,'May 2026'!$E:$E) -> 0 | S33: =_xlfn.XLOOKUP($D33,'June 2026'!$D:$D,'June 2026'!$E:$E) -> 5 | T33: =_xlfn.XLOOKUP($D33,'July 2026'!$D:$D,'July 2026'!$E:$E) -> 0 | U33: =_xlfn.XLOOKUP($D33,'Aug 2026'!$D:$D,'Aug 2026'!$E:$E) -> 0 | V33: =_xlfn.XLOOKUP($D33,'Sept 2026'!$D:$D,'Sept 2026'!$E:$E) -> 0 | W33: =_xlfn.XLOOKUP($D33,'Oct 2026'!$D:$D,'Oct 2026'!$E:$E) -> 0 | X33: =_xlfn.XLOOKUP($D33,'Nov 2026'!$D:$D,'Nov 2026'!$E:$E) -> 0 | Y33: =_xlfn.XLOOKUP($D33,'Dec 2026'!$D:$D,'Dec 2026'!$E:$E) -> 0
A34: 29 | B34: ST | C34: Call Center Rep | D34: Pelius, Jacqulene | E34: =_xlfn.XLOOKUP(D34,'Contract Entitlement'!$D$4:$D$61,'Contract Entitlement'!$G$4:$G$61) -> 45855 | G34: =_xlfn.XLOOKUP(D34,'Contract Entitlement'!$D$4:$D$61,'Contract Entitlement'!$F$4:$F$61) -> 10 | H34: =IF(YEAR(E34)=2026,IF(DAY(E34)<15,CEILING(G34 * (12 - MONTH(E34) + 1) / 12,1),FLOOR(G34 * (12 - MONTH(E34) + 1) / 12,1)),IF(YEAR(E34)<2026,G34,0)) -> 10 | I34: =SUM(N34:Y34) -> 8 | J34: =COUNTIFS('2026 Time Off Request'!$A$2:$A$822,D34,'2026 Time Off Request'!$E$2:$E$822,"UNPAID") -> 8 | K34: =H34-I34 -> 2 | L34: =K34/G34 -> 0.2 | N34: =_xlfn.XLOOKUP($D34,'Jan 2026'!$D:$D,'Jan 2026'!$E:$E) -> 8 | O34: =_xlfn.XLOOKUP($D34,'Feb 2026'!$D:$D,'Feb 2026'!$E:$E) -> 0 | P34: =_xlfn.XLOOKUP($D34,'Mar 2026'!$D:$D,'Mar 2026'!$E:$E) -> 0 | Q34: =_xlfn.XLOOKUP($D34,'April 2026'!$D:$D,'April 2026'!$E:$E) -> 0 | R34: =_xlfn.XLOOKUP($D34,'May 2026'!$D:$D,'May 2026'!$E:$E) -> 0 | S34: =_xlfn.XLOOKUP($D34,'June 2026'!$D:$D,'June 2026'!$E:$E) -> 0 | T34: =_xlfn.XLOOKUP($D34,'July 2026'!$D:$D,'July 2026'!$E:$E) -> 0 | U34: =_xlfn.XLOOKUP($D34,'Aug 2026'!$D:$D,'Aug 2026'!$E:$E) -> 0 | V34: =_xlfn.XLOOKUP($D34,'Sept 2026'!$D:$D,'Sept 2026'!$E:$E) -> 0 | W34: =_xlfn.XLOOKUP($D34,'Oct 2026'!$D:$D,'Oct 2026'!$E:$E) -> 0 | X34: =_xlfn.XLOOKUP($D34,'Nov 2026'!$D:$D,'Nov 2026'!$E:$E) -> 0 | Y34: =_xlfn.XLOOKUP($D34,'Dec 2026'!$D:$D,'Dec 2026'!$E:$E) -> 0
A35: 30 | B35: ST | C35: Call Center Rep | D35: Milankovic, Tatjana | E35: =_xlfn.XLOOKUP(D35,'Contract Entitlement'!$D$4:$D$61,'Contract Entitlement'!$G$4:$G$61) -> 45413 | G35: =_xlfn.XLOOKUP(D35,'Contract Entitlement'!$D$4:$D$61,'Contract Entitlement'!$F$4:$F$61) -> 10 | H35: =IF(YEAR(E35)=2026,IF(DAY(E35)<15,CEILING(G35 * (12 - MONTH(E35) + 1) / 12,1),FLOOR(G35 * (12 - MONTH(E35) + 1) / 12,1)),IF(YEAR(E35)<2026,G35,0)) -> 10 | I35: =SUM(N35:Y35) -> 5 | J35: =COUNTIFS('2026 Time Off Request'!$A$2:$A$822,D35,'2026 Time Off Request'!$E$2:$E$822,"UNPAID") -> 0 | K35: =H35-I35 -> 5 | L35: =K35/G35 -> 0.5 | N35: =_xlfn.XLOOKUP($D35,'Jan 2026'!$D:$D,'Jan 2026'!$E:$E) -> 0 | O35: =_xlfn.XLOOKUP($D35,'Feb 2026'!$D:$D,'Feb 2026'!$E:$E) -> 0 | P35: =_xlfn.XLOOKUP($D35,'Mar 2026'!$D:$D,'Mar 2026'!$E:$E) -> 5 | Q35: =_xlfn.XLOOKUP($D35,'April 2026'!$D:$D,'April 2026'!$E:$E) -> 0 | R35: =_xlfn.XLOOKUP($D35,'May 2026'!$D:$D,'May 2026'!$E:$E) -> 0 | S35: =_xlfn.XLOOKUP($D35,'June 2026'!$D:$D,'June 2026'!$E:$E) -> 0 | T35: =_xlfn.XLOOKUP($D35,'July 2026'!$D:$D,'July 2026'!$E:$E) -> 0 | U35: =_xlfn.XLOOKUP($D35,'Aug 2026'!$D:$D,'Aug 2026'!$E:$E) -> 0 | V35: =_xlfn.XLOOKUP($D35,'Sept 2026'!$D:$D,'Sept 2026'!$E:$E) -> 0 | W35: =_xlfn.XLOOKUP($D35,'Oct 2026'!$D:$D,'Oct 2026'!$E:$E) -> 0 | X35: =_xlfn.XLOOKUP($D35,'Nov 2026'!$D:$D,'Nov 2026'!$E:$E) -> 0 | Y35: =_xlfn.XLOOKUP($D35,'Dec 2026'!$D:$D,'Dec 2026'!$E:$E) -> 0
A36: 31 | B36: ST Mgr | C36: Payroll Manager | D36: Ammari, Waleed | E36: =_xlfn.XLOOKUP(D36,'Contract Entitlement'!$D$4:$D$61,'Contract Entitlement'!$G$4:$G$61) -> 42795 | G36: =_xlfn.XLOOKUP(D36,'Contract Entitlement'!$D$4:$D$61,'Contract Entitlement'!$F$4:$F$61) -> 20 | H36: =IF(YEAR(E36)=2026,IF(DAY(E36)<15,CEILING(G36 * (12 - MONTH(E36) + 1) / 12,1),FLOOR(G36 * (12 - MONTH(E36) + 1) / 12,1)),IF(YEAR(E36)<2026,G36,0)) -> 20 | I36: =SUM(N36:Y36) -> 0 | J36: =COUNTIFS('2026 Time Off Request'!$A$2:$A$822,D36,'2026 Time Off Request'!$E$2:$E$822,"UNPAID") -> 0 | K36: =H36-I36 -> 20 | L36: =K36/G36 -> 1 | N36: =_xlfn.XLOOKUP($D36,'Jan 2026'!$D:$D,'Jan 2026'!$E:$E) -> 0 | O36: =_xlfn.XLOOKUP($D36,'Feb 2026'!$D:$D,'Feb 2026'!$E:$E) -> 0 | P36: =_xlfn.XLOOKUP($D36,'Mar 2026'!$D:$D,'Mar 2026'!$E:$E) -> 0 | Q36: =_xlfn.XLOOKUP($D36,'April 2026'!$D:$D,'April 2026'!$E:$E) -> 0 | R36: =_xlfn.XLOOKUP($D36,'May 2026'!$D:$D,'May 2026'!$E:$E) -> 0 | S36: =_xlfn.XLOOKUP($D36,'June 2026'!$D:$D,'June 2026'!$E:$E) -> 0 | T36: =_xlfn.XLOOKUP($D36,'July 2026'!$D:$D,'July 2026'!$E:$E) -> 0 | U36: =_xlfn.XLOOKUP($D36,'Aug 2026'!$D:$D,'Aug 2026'!$E:$E) -> 0 | V36: =_xlfn.XLOOKUP($D36,'Sept 2026'!$D:$D,'Sept 2026'!$E:$E) -> 0 | W36: =_xlfn.XLOOKUP($D36,'Oct 2026'!$D:$D,'Oct 2026'!$E:$E) -> 0 | X36: =_xlfn.XLOOKUP($D36,'Nov 2026'!$D:$D,'Nov 2026'!$E:$E) -> 0 | Y36: =_xlfn.XLOOKUP($D36,'Dec 2026'!$D:$D,'Dec 2026'!$E:$E) -> 0
A37: 32 | B37: ST | C37: Payroll Admin | D37: Gonzalez Garcia, Yamila | E37: =_xlfn.XLOOKUP(D37,'Contract Entitlement'!$D$4:$D$61,'Contract Entitlement'!$G$4:$G$61) -> 44963 | G37: =_xlfn.XLOOKUP(D37,'Contract Entitlement'!$D$4:$D$61,'Contract Entitlement'!$F$4:$F$61) -> 15 | H37: =IF(YEAR(E37)=2026,IF(DAY(E37)<15,CEILING(G37 * (12 - MONTH(E37) + 1) / 12,1),FLOOR(G37 * (12 - MONTH(E37) + 1) / 12,1)),IF(YEAR(E37)<2026,G37,0)) -> 15 | I37: =SUM(N37:Y37) -> 0 | J37: =COUNTIFS('2026 Time Off Request'!$A$2:$A$822,D37,'2026 Time Off Request'!$E$2:$E$822,"UNPAID") -> 0 | K37: =H37-I37 -> 15 | L37: =K37/G37 -> 1 | N37: =_xlfn.XLOOKUP($D37,'Jan 2026'!$D:$D,'Jan 2026'!$E:$E) -> 0 | O37: =_xlfn.XLOOKUP($D37,'Feb 2026'!$D:$D,'Feb 2026'!$E:$E) -> 0 | P37: =_xlfn.XLOOKUP($D37,'Mar 2026'!$D:$D,'Mar 2026'!$E:$E) -> 0 | Q37: =_xlfn.XLOOKUP($D37,'April 2026'!$D:$D,'April 2026'!$E:$E) -> 0 | R37: =_xlfn.XLOOKUP($D37,'May 2026'!$D:$D,'May 2026'!$E:$E) -> 0 | S37: =_xlfn.XLOOKUP($D37,'June 2026'!$D:$D,'June 2026'!$E:$E) -> 0 | T37: =_xlfn.XLOOKUP($D37,'July 2026'!$D:$D,'July 2026'!$E:$E) -> 0 | U37: =_xlfn.XLOOKUP($D37,'Aug 2026'!$D:$D,'Aug 2026'!$E:$E) -> 0 | V37: =_xlfn.XLOOKUP($D37,'Sept 2026'!$D:$D,'Sept 2026'!$E:$E) -> 0 | W37: =_xlfn.XLOOKUP($D37,'Oct 2026'!$D:$D,'Oct 2026'!$E:$E) -> 0 | X37: =_xlfn.XLOOKUP($D37,'Nov 2026'!$D:$D,'Nov 2026'!$E:$E) -> 0 | Y37: =_xlfn.XLOOKUP($D37,'Dec 2026'!$D:$D,'Dec 2026'!$E:$E) -> 0
... A41: 36 | B41: ST | C41: Accounts Payable Admin | D41: Guirguis, George | E41: =_xlfn.XLOOKUP(D41,'Contract Entitlement'!$D$4:$D$61,'Contract Entitlement'!$G$4:$G$61) -> 44956 | G41: =_xlfn.XLOOKUP(D41,'Contract Entitlement'!$D$4:$D$61,'Contract Entitlement'!$F$4:$F$61) -> 15 | H41: =IF(YEAR(E41)=2026,IF(DAY(E41)<15,CEILING(G41 * (12 - MONTH(E41) + 1) / 12,1),FLOOR(G41 * (12 - MONTH(E41) + 1) / 12,1)),IF(YEAR(E41)<2026,G41,0)) -> 15 | I41: =SUM(N41:Y41) -> 0 | J41: =COUNTIFS('2026 Time Off Request'!$A$2:$A$822,D41,'2026 Time Off Request'!$E$2:$E$822,"UNPAID") -> 0 | K41: =H41-I41 -> 15 | L41: =K41/G41 -> 1 | N41: =_xlfn.XLOOKUP($D41,'Jan 2026'!$D:$D,'Jan 2026'!$E:$E) -> 0 | O41: =_xlfn.XLOOKUP($D41,'Feb 2026'!$D:$D,'Feb 2026'!$E:$E) -> 0 | P41: =_xlfn.XLOOKUP($D41,'Mar 2026'!$D:$D,'Mar 2026'!$E:$E) -> 0 | Q41: =_xlfn.XLOOKUP($D41,'April 2026'!$D:$D,'April 2026'!$E:$E) -> 0 | R41: =_xlfn.XLOOKUP($D41,'May 2026'!$D:$D,'May 2026'!$E:$E) -> 0 | S41: =_xlfn.XLOOKUP($D41,'June 2026'!$D:$D,'June 2026'!$E:$E) -> 0 | T41: =_xlfn.XLOOKUP($D41,'July 2026'!$D:$D,'July 2026'!$E:$E) -> 0 | U41: =_xlfn.XLOOKUP($D41,'Aug 2026'!$D:$D,'Aug 2026'!$E:$E) -> 0 | V41: =_xlfn.XLOOKUP($D41,'Sept 2026'!$D:$D,'Sept 2026'!$E:$E) -> 0 | W41: =_xlfn.XLOOKUP($D41,'Oct 2026'!$D:$D,'Oct 2026'!$E:$E) -> 0 | X41: =_xlfn.XLOOKUP($D41,'Nov 2026'!$D:$D,'Nov 2026'!$E:$E) -> 0 | Y41: =_xlfn.XLOOKUP($D41,'Dec 2026'!$D:$D,'Dec 2026'!$E:$E) -> 0
A43: =+COUNT(A4:A41) -> 35 | C43: TOTAL | G43: =+SUM(G4:G41) -> 570 | H43: =+SUM(H4:H41) -> 566 | I43: =+SUM(I4:I41) -> 99 | J43: =+SUM(J4:J41) -> 13 | K43: =+SUM(K4:K41) -> 467 | L43: =K43/G43 -> 0.81929825 | N43: {=SUM(IFERROR(N4:N41,0))} -> 28 | O43: {=SUM(IFERROR(O4:O41,0))} -> 17 | P43: {=SUM(IFERROR(P4:P41,0))} -> 26 | Q43: {=SUM(IFERROR(Q4:Q41,0))} -> 9 | R43: {=SUM(IFERROR(R4:R41,0))} -> 8 | S43: {=SUM(IFERROR(S4:S41,0))} -> 5 | T43: {=SUM(IFERROR(T4:T41,0))} -> 4 | U43: {=SUM(IFERROR(U4:U41,0))} -> 2 | ... Y43: {=SUM(IFERROR(Y4:Y41,0))} -> 0

Sheet 2025 Monthly Vacation
N1: 1 | O1: 2 | P1: 3 | Q1: 4 | R1: 5 | S1: 6 | T1: 7 | U1: 8 | V1: 9 | W1: 10 | X1: 11 | Y1: 12
B2: Employee Info | G2: 2025 Vacation | N2: 2025 Days Taken Off by Month
B3: Dept | C3: Job Title | D3: Name | E3: Start date | G3: Vacation Days | H3: Pro Rated Days | I3: Days Taken | J3: Unpaid Days Taken | K3: Days Remaining | L3: % Remaining | N3: January | O3: February | P3: March | Q3: April | R3: May | S3: June | T3: July | U3: August | V3: September | W3: October | X3: November | Y3: December
B4: ST | C4: Accountant | D4: Ranasinghe, Praveen | E4: =_xlfn.XLOOKUP(D4,'Contract Entitlement'!$D$4:$D$61,'Contract Entitlement'!$G$4:$G$61) -> 44963 | G4: =_xlfn.XLOOKUP(D4,'Contract Entitlement'!$D$4:$D$61,'Contract Entitlement'!$F$4:$F$61) -> 10 | H4: =IF(YEAR(E4)=2025,IF(DAY(E4)<15,CEILING(G4 * (12 - MONTH(E4) + 1) / 12,1),FLOOR(G4 * (12 - MONTH(E4) + 1) / 12,1)),IF(YEAR(E4)<2025,G4,0)) -> 10 | I4: =SUM(N4:Y4) -> 11 | J4: =COUNTIFS('2025 Time Off Request'!$A$2:$A$422,D4,'2025 Time Off Request'!$E$2:$E$422,"UNPAID") -> 0 | K4: =H4-I4 -> -1 | L4: =K4/G4 -> -0.1 | N4: =COUNTIFS('2025 Time Off Request'!$N$2:$N$422,N$1,'2025 Time Off Request'!$A$2:$A$422,$D4) -> 0 | O4: =COUNTIFS('2025 Time Off Request'!$N$2:$N$422,O$1,'2025 Time Off Request'!$A$2:$A$422,$D4) -> 3 | P4: =COUNTIFS('2025 Time Off Request'!$N$2:$N$422,P$1,'2025 Time Off Request'!$A$2:$A$422,$D4) -> 0 | Q4: =COUNTIFS('2025 Time Off Request'!$N$2:$N$422,Q$1,'2025 Time Off Request'!$A$2:$A$422,$D4) -> 0 | R4: =COUNTIFS('2025 Time Off Request'!$N$2:$N$422,R$1,'2025 Time Off Request'!$A$2:$A$422,$D4) -> 4 | S4: =COUNTIFS('2025 Time Off Request'!$N$2:$N$422,S$1,'2025 Time Off Request'!$A$2:$A$422,$D4) -> 2 | T4: =COUNTIFS('2025 Time Off Request'!$N$2:$N$422,T$1,'2025 Time Off Request'!$A$2:$A$422,$D4) -> 0 | U4: =COUNTIFS('2025 Time Off Request'!$N$2:$N$422,U$1,'2025 Time Off Request'!$A$2:$A$422,$D4) -> 0 | ... Y4: =COUNTIFS('2025 Time Off Request'!$N$2:$N$422,Y$1,'2025 Time Off Request'!$A$2:$A$422,$D4) -> 0
B5: ST | C5: Accounts Payable Admin | D5: Brennan, Cheri | E5: =_xlfn.XLOOKUP(D5,'Contract Entitlement'!$D$4:$D$61,'Contract Entitlement'!$G$4:$G$61) -> 44587 | G5: =_xlfn.XLOOKUP(D5,'Contract Entitlement'!$D$4:$D$61,'Contract Entitlement'!$F$4:$F$61) -> 15 | H5: =IF(YEAR(E5)=2025,IF(DAY(E5)<15,CEILING(G5 * (12 - MONTH(E5) + 1) / 12,1),FLOOR(G5 * (12 - MONTH(E5) + 1) / 12,1)),IF(YEAR(E5)<2025,G5,0)) -> 15 | I5: =SUM(N5:Y5) -> 14 | J5: =COUNTIFS('2025 Time Off Request'!$A$2:$A$422,D5,'2025 Time Off Request'!$E$2:$E$422,"UNPAID") -> 0 | K5: =H5-I5 -> 1 | L5: =K5/G5 -> 0.066666667 | N5: =COUNTIFS('2025 Time Off Request'!$N$2:$N$422,N$1,'2025 Time Off Request'!$A$2:$A$422,$D5) -> 7 | O5: =COUNTIFS('2025 Time Off Request'!$N$2:$N$422,O$1,'2025 Time Off Request'!$A$2:$A$422,$D5) -> 0 | P5: =COUNTIFS('2025 Time Off Request'!$N$2:$N$422,P$1,'2025 Time Off Request'!$A$2:$A$422,$D5) -> 0 | Q5: =COUNTIFS('2025 Time Off Request'!$N$2:$N$422,Q$1,'2025 Time Off Request'!$A$2:$A$422,$D5) -> 0 | R5: =COUNTIFS('2025 Time Off Request'!$N$2:$N$422,R$1,'2025 Time Off Request'!$A$2:$A$422,$D5) -> 2 | S5: =COUNTIFS('2025 Time Off Request'!$N$2:$N$422,S$1,'2025 Time Off Request'!$A$2:$A$422,$D5) -> 3 | T5: =COUNTIFS('2025 Time Off Request'!$N$2:$N$422,T$1,'2025 Time Off Request'!$A$2:$A$422,$D5) -> 1 | U5: =COUNTIFS('2025 Time Off Request'!$N$2:$N$422,U$1,'2025 Time Off Request'!$A$2:$A$422,$D5) -> 0 | ... Y5: =COUNTIFS('2025 Time Off Request'!$N$2:$N$422,Y$1,'2025 Time Off Request'!$A$2:$A$422,$D5) -> 0
B6: ST | C6: Accounts Payable Admin | D6: Guirguis, George | E6: =_xlfn.XLOOKUP(D6,'Contract Entitlement'!$D$4:$D$61,'Contract Entitlement'!$G$4:$G$61) -> 44956 | G6: =_xlfn.XLOOKUP(D6,'Contract Entitlement'!$D$4:$D$61,'Contract Entitlement'!$F$4:$F$61) -> 15 | H6: =IF(YEAR(E6)=2025,IF(DAY(E6)<15,CEILING(G6 * (12 - MONTH(E6) + 1) / 12,1),FLOOR(G6 * (12 - MONTH(E6) + 1) / 12,1)),IF(YEAR(E6)<2025,G6,0)) -> 15 | I6: =SUM(N6:Y6) -> 2 | J6: =COUNTIFS('2025 Time Off Request'!$A$2:$A$422,D6,'2025 Time Off Request'!$E$2:$E$422,"UNPAID") -> 0 | K6: =H6-I6 -> 13 | L6: =K6/G6 -> 0.86666667 | N6: =COUNTIFS('2025 Time Off Request'!$N$2:$N$422,N$1,'2025 Time Off Request'!$A$2:$A$422,$D6) -> 0 | O6: =COUNTIFS('2025 Time Off Request'!$N$2:$N$422,O$1,'2025 Time Off Request'!$A$2:$A$422,$D6) -> 0 | P6: =COUNTIFS('2025 Time Off Request'!$N$2:$N$422,P$1,'2025 Time Off Request'!$A$2:$A$422,$D6) -> 0 | Q6: =COUNTIFS('2025 Time Off Request'!$N$2:$N$422,Q$1,'2025 Time Off Request'!$A$2:$A$422,$D6) -> 0 | R6: =COUNTIFS('2025 Time Off Request'!$N$2:$N$422,R$1,'2025 Time Off Request'!$A$2:$A$422,$D6) -> 0 | S6: =COUNTIFS('2025 Time Off Request'!$N$2:$N$422,S$1,'2025 Time Off Request'!$A$2:$A$422,$D6) -> 0 | T6: =COUNTIFS('2025 Time Off Request'!$N$2:$N$422,T$1,'2025 Time Off Request'!$A$2:$A$422,$D6) -> 0 | U6: =COUNTIFS('2025 Time Off Request'!$N$2:$N$422,U$1,'2025 Time Off Request'!$A$2:$A$422,$D6) -> 0 | ... Y6: =COUNTIFS('2025 Time Off Request'!$N$2:$N$422,Y$1,'2025 Time Off Request'!$A$2:$A$422,$D6) -> 0
B7: ST Mgr | C7: Call Center Manager | D7: Jones, Brandie Gayle | E7: =_xlfn.XLOOKUP(D7,'Contract Entitlement'!$D$4:$D$61,'Contract Entitlement'!$G$4:$G$61) -> 45817 | G7: =_xlfn.XLOOKUP(D7,'Contract Entitlement'!$D$4:$D$61,'Contract Entitlement'!$F$4:$F$61) -> 15 | H7: =IF(YEAR(E7)=2025,IF(DAY(E7)<15,CEILING(G7 * (12 - MONTH(E7) + 1) / 12,1),FLOOR(G7 * (12 - MONTH(E7) + 1) / 12,1)),IF(YEAR(E7)<2025,G7,0)) -> 9 | I7: =SUM(N7:Y7) -> 12 | J7: =COUNTIFS('2025 Time Off Request'!$A$2:$A$422,D7,'2025 Time Off Request'!$E$2:$E$422,"UNPAID") -> 6 | K7: =H7-I7 -> -3 | L7: =K7/G7 -> -0.2 | N7: =COUNTIFS('2025 Time Off Request'!$N$2:$N$422,N$1,'2025 Time Off Request'!$A$2:$A$422,$D7) -> 0 | O7: =COUNTIFS('2025 Time Off Request'!$N$2:$N$422,O$1,'2025 Time Off Request'!$A$2:$A$422,$D7) -> 0 | P7: =COUNTIFS('2025 Time Off Request'!$N$2:$N$422,P$1,'2025 Time Off Request'!$A$2:$A$422,$D7) -> 0 | Q7: =COUNTIFS('2025 Time Off Request'!$N$2:$N$422,Q$1,'2025 Time Off Request'!$A$2:$A$422,$D7) -> 0 | R7: =COUNTIFS('2025 Time Off Request'!$N$2:$N$422,R$1,'2025 Time Off Request'!$A$2:$A$422,$D7) -> 0 | S7: =COUNTIFS('2025 Time Off Request'!$N$2:$N$422,S$1,'2025 Time Off Request'!$A$2:$A$422,$D7) -> 1 | T7: =COUNTIFS('2025 Time Off Request'!$N$2:$N$422,T$1,'2025 Time Off Request'!$A$2:$A$422,$D7) -> 5 | U7: =COUNTIFS('2025 Time Off Request'!$N$2:$N$422,U$1,'2025 Time Off Request'!$A$2:$A$422,$D7) -> 0 | ... Y7: =COUNTIFS('2025 Time Off Request'!$N$2:$N$422,Y$1,'2025 Time Off Request'!$A$2:$A$422,$D7) -> 0
B8: ST | C8: Call Center Rep | D8: Pelius, Jacqulene | E8: =_xlfn.XLOOKUP(D8,'Contract Entitlement'!$D$4:$D$61,'Contract Entitlement'!$G$4:$G$61) -> 45855 | G8: =_xlfn.XLOOKUP(D8,'Contract Entitlement'!$D$4:$D$61,'Contract Entitlement'!$F$4:$F$61) -> 10 | H8: =IF(YEAR(E8)=2025,IF(DAY(E8)<15,CEILING(G8 * (12 - MONTH(E8) + 1) / 12,1),FLOOR(G8 * (12 - MONTH(E8) + 1) / 12,1)),IF(YEAR(E8)<2025,G8,0)) -> 5 | I8: =SUM(N8:Y8) -> 4 | J8: =COUNTIFS('2025 Time Off Request'!$A$2:$A$422,D8,'2025 Time Off Request'!$E$2:$E$422,"UNPAID") -> 0 | K8: =H8-I8 -> 1 | L8: =K8/G8 -> 0.1 | N8: =COUNTIFS('2025 Time Off Request'!$N$2:$N$422,N$1,'2025 Time Off Request'!$A$2:$A$422,$D8) -> 0 | O8: =COUNTIFS('2025 Time Off Request'!$N$2:$N$422,O$1,'2025 Time Off Request'!$A$2:$A$422,$D8) -> 0 | P8: =COUNTIFS('2025 Time Off Request'!$N$2:$N$422,P$1,'2025 Time Off Request'!$A$2:$A$422,$D8) -> 0 | Q8: =COUNTIFS('2025 Time Off Request'!$N$2:$N$422,Q$1,'2025 Time Off Request'!$A$2:$A$422,$D8) -> 0 | R8: =COUNTIFS('2025 Time Off Request'!$N$2:$N$422,R$1,'2025 Time Off Request'!$A$2:$A$422,$D8) -> 0 | S8: =COUNTIFS('2025 Time Off Request'!$N$2:$N$422,S$1,'2025 Time Off Request'!$A$2:$A$422,$D8) -> 0 | T8: =COUNTIFS('2025 Time Off Request'!$N$2:$N$422,T$1,'2025 Time Off Request'!$A$2:$A$422,$D8) -> 0 | U8: =COUNTIFS('2025 Time Off Request'!$N$2:$N$422,U$1,'2025 Time Off Request'!$A$2:$A$422,$D8) -> 0 | ... Y8: =COUNTIFS('2025 Time Off Request'!$N$2:$N$422,Y$1,'2025 Time Off Request'!$A$2:$A$422,$D8) -> 4
B9: ST | C9: Call Center Rep | D9: Black, Marijna Alida | E9: =_xlfn.XLOOKUP(D9,'Contract Entitlement'!$D$4:$D$61,'Contract Entitlement'!$G$4:$G$61) -> 45833 | G9: =_xlfn.XLOOKUP(D9,'Contract Entitlement'!$D$4:$D$61,'Contract Entitlement'!$F$4:$F$61) -> 10 | H9: =IF(YEAR(E9)=2025,IF(DAY(E9)<15,CEILING(G9 * (12 - MONTH(E9) + 1) / 12,1),FLOOR(G9 * (12 - MONTH(E9) + 1) / 12,1)),IF(YEAR(E9)<2025,G9,0)) -> 5 | I9: =SUM(N9:Y9) -> 2 | J9: =COUNTIFS('2025 Time Off Request'!$A$2:$A$422,D9,'2025 Time Off Request'!$E$2:$E$422,"UNPAID") -> 1 | K9: =H9-I9 -> 3 | L9: =K9/G9 -> 0.3 | N9: =COUNTIFS('2025 Time Off Request'!$N$2:$N$422,N$1,'2025 Time Off Request'!$A$2:$A$422,$D9) -> 0 | O9: =COUNTIFS('2025 Time Off Request'!$N$2:$N$422,O$1,'2025 Time Off Request'!$A$2:$A$422,$D9) -> 0 | P9: =COUNTIFS('2025 Time Off Request'!$N$2:$N$422,P$1,'2025 Time Off Request'!$A$2:$A$422,$D9) -> 0 | Q9: =COUNTIFS('2025 Time Off Request'!$N$2:$N$422,Q$1,'2025 Time Off Request'!$A$2:$A$422,$D9) -> 0 | R9: =COUNTIFS('2025 Time Off Request'!$N$2:$N$422,R$1,'2025 Time Off Request'!$A$2:$A$422,$D9) -> 0 | S9: =COUNTIFS('2025 Time Off Request'!$N$2:$N$422,S$1,'2025 Time Off Request'!$A$2:$A$422,$D9) -> 0 | T9: =COUNTIFS('2025 Time Off Request'!$N$2:$N$422,T$1,'2025 Time Off Request'!$A$2:$A$422,$D9) -> 0 | U9: =COUNTIFS('2025 Time Off Request'!$N$2:$N$422,U$1,'2025 Time Off Request'!$A$2:$A$422,$D9) -> 0 | ... Y9: =COUNTIFS('2025 Time Off Request'!$N$2:$N$422,Y$1,'2025 Time Off Request'!$A$2:$A$422,$D9) -> 1
B10: ST | C10: Call Center Rep | D10: Milankovic, Tatjana | E10: =_xlfn.XLOOKUP(D10,'Contract Entitlement'!$D$4:$D$61,'Contract Entitlement'!$G$4:$G$61) -> 45413 | G10: =_xlfn.XLOOKUP(D10,'Contract Entitlement'!$D$4:$D$61,'Contract Entitlement'!$F$4:$F$61) -> 10 | H10: =IF(YEAR(E10)=2025,IF(DAY(E10)<15,CEILING(G10 * (12 - MONTH(E10) + 1) / 12,1),FLOOR(G10 * (12 - MONTH(E10) + 1) / 12,1)),IF(YEAR(E10)<2025,G10,0)) -> 10 | I10: =SUM(N10:Y10) -> 6 | J10: =COUNTIFS('2025 Time Off Request'!$A$2:$A$422,D10,'2025 Time Off Request'!$E$2:$E$422,"UNPAID") -> 0 | K10: =H10-I10 -> 4 | L10: =K10/G10 -> 0.4 | N10: =COUNTIFS('2025 Time Off Request'!$N$2:$N$422,N$1,'2025 Time Off Request'!$A$2:$A$422,$D10) -> 0 | O10: =COUNTIFS('2025 Time Off Request'!$N$2:$N$422,O$1,'2025 Time Off Request'!$A$2:$A$422,$D10) -> 0 | P10: =COUNTIFS('2025 Time Off Request'!$N$2:$N$422,P$1,'2025 Time Off Request'!$A$2:$A$422,$D10) -> 0 | Q10: =COUNTIFS('2025 Time Off Request'!$N$2:$N$422,Q$1,'2025 Time Off Request'!$A$2:$A$422,$D10) -> 0 | R10: =COUNTIFS('2025 Time Off Request'!$N$2:$N$422,R$1,'2025 Time Off Request'!$A$2:$A$422,$D10) -> 6 | S10: =COUNTIFS('2025 Time Off Request'!$N$2:$N$422,S$1,'2025 Time Off Request'!$A$2:$A$422,$D10) -> 0 | T10: =COUNTIFS('2025 Time Off Request'!$N$2:$N$422,T$1,'2025 Time Off Request'!$A$2:$A$422,$D10) -> 0 | U10: =COUNTIFS('2025 Time Off Request'!$N$2:$N$422,U$1,'2025 Time Off Request'!$A$2:$A$422,$D10) -> 0 | ... Y10: =COUNTIFS('2025 Time Off Request'!$N$2:$N$422,Y$1,'2025 Time Off Request'!$A$2:$A$422,$D10) -> 0
B11: LT | C11: CEO | D11: Mazahreh, Said | G11: 0 | H11: =IF(YEAR(E11)=2025,IF(DAY(E11)<15,CEILING(G11 * (12 - MONTH(E11) + 1) / 12,1),FLOOR(G11 * (12 - MONTH(E11) + 1) / 12,1)),IF(YEAR(E11)<2025,G11,0)) -> 0 | I11: =SUM(N11:Y11) -> 0 | J11: =COUNTIFS('2025 Time Off Request'!$A$2:$A$422,D11,'2025 Time Off Request'!$E$2:$E$422,"UNPAID") -> 0 | K11: =H11-I11 -> 0 | N11: =COUNTIFS('2025 Time Off Request'!$N$2:$N$422,N$1,'2025 Time Off Request'!$A$2:$A$422,$D11) -> 0 | O11: =COUNTIFS('2025 Time Off Request'!$N$2:$N$422,O$1,'2025 Time Off Request'!$A$2:$A$422,$D11) -> 0 | P11: =COUNTIFS('2025 Time Off Request'!$N$2:$N$422,P$1,'2025 Time Off Request'!$A$2:$A$422,$D11) -> 0 | Q11: =COUNTIFS('2025 Time Off Request'!$N$2:$N$422,Q$1,'2025 Time Off Request'!$A$2:$A$422,$D11) -> 0 | R11: =COUNTIFS('2025 Time Off Request'!$N$2:$N$422,R$1,'2025 Time Off Request'!$A$2:$A$422,$D11) -> 0 | S11: =COUNTIFS('2025 Time Off Request'!$N$2:$N$422,S$1,'2025 Time Off Request'!$A$2:$A$422,$D11) -> 0 | T11: =COUNTIFS('2025 Time Off Request'!$N$2:$N$422,T$1,'2025 Time Off Request'!$A$2:$A$422,$D11) -> 0 | U11: =COUNTIFS('2025 Time Off Request'!$N$2:$N$422,U$1,'2025 Time Off Request'!$A$2:$A$422,$D11) -> 0 | ... Y11: =COUNTIFS('2025 Time Off Request'!$N$2:$N$422,Y$1,'2025 Time Off Request'!$A$2:$A$422,$D11) -> 0
B12: ST | C12: Creative Designer | D12: Kedia, Vidhisha | E12: =_xlfn.XLOOKUP(D12,'Contract Entitlement'!$D$4:$D$61,'Contract Entitlement'!$G$4:$G$61) -> 45264 | G12: =_xlfn.XLOOKUP(D12,'Contract Entitlement'!$D$4:$D$61,'Contract Entitlement'!$F$4:$F$61) -> 10 | H12: =IF(YEAR(E12)=2025,IF(DAY(E12)<15,CEILING(G12 * (12 - MONTH(E12) + 1) / 12,1),FLOOR(G12 * (12 - MONTH(E12) + 1) / 12,1)),IF(YEAR(E12)<2025,G12,0)) -> 10 | I12: =SUM(N12:Y12) -> 6 | J12: =COUNTIFS('2025 Time Off Request'!$A$2:$A$422,D12,'2025 Time Off Request'!$E$2:$E$422,"UNPAID") -> 0 | K12: =H12-I12 -> 4 | L12: =K12/G12 -> 0.4 | N12: =COUNTIFS('2025 Time Off Request'!$N$2:$N$422,N$1,'2025 Time Off Request'!$A$2:$A$422,$D12) -> 0 | O12: =COUNTIFS('2025 Time Off Request'!$N$2:$N$422,O$1,'2025 Time Off Request'!$A$2:$A$422,$D12) -> 0 | P12: =COUNTIFS('2025 Time Off Request'!$N$2:$N$422,P$1,'2025 Time Off Request'!$A$2:$A$422,$D12) -> 0 | Q12: =COUNTIFS('2025 Time Off Request'!$N$2:$N$422,Q$1,'2025 Time Off Request'!$A$2:$A$422,$D12) -> 4 | R12: =COUNTIFS('2025 Time Off Request'!$N$2:$N$422,R$1,'2025 Time Off Request'!$A$2:$A$422,$D12) -> 2 | S12: =COUNTIFS('2025 Time Off Request'!$N$2:$N$422,S$1,'2025 Time Off Request'!$A$2:$A$422,$D12) -> 0 | T12: =COUNTIFS('2025 Time Off Request'!$N$2:$N$422,T$1,'2025 Time Off Request'!$A$2:$A$422,$D12) -> 0 | U12: =COUNTIFS('2025 Time Off Request'!$N$2:$N$422,U$1,'2025 Time Off Request'!$A$2:$A$422,$D12) -> 0 | ... Y12: =COUNTIFS('2025 Time Off Request'!$N$2:$N$422,Y$1,'2025 Time Off Request'!$A$2:$A$422,$D12) -> 0
B13: ST | C13: Creative Designer | D13: Kocznur, Jesse | E13: =_xlfn.XLOOKUP(D13,'Contract Entitlement'!$D$4:$D$61,'Contract Entitlement'!$G$4:$G$61) -> 45275 | G13: =_xlfn.XLOOKUP(D13,'Contract Entitlement'!$D$4:$D$61,'Contract Entitlement'!$F$4:$F$61) -> 10 | H13: =IF(YEAR(E13)=2025,IF(DAY(E13)<15,CEILING(G13 * (12 - MONTH(E13) + 1) / 12,1),FLOOR(G13 * (12 - MONTH(E13) + 1) / 12,1)),IF(YEAR(E13)<2025,G13,0)) -> 10 | I13: =SUM(N13:Y13) -> 14 | J13: =COUNTIFS('2025 Time Off Request'!$A$2:$A$422,D13,'2025 Time Off Request'!$E$2:$E$422,"UNPAID") -> 4 | K13: =H13-I13 -> -4 | L13: =K13/G13 -> -0.4 | N13: =COUNTIFS('2025 Time Off Request'!$N$2:$N$422,N$1,'2025 Time Off Request'!$A$2:$A$422,$D13) -> 1 | O13: =COUNTIFS('2025 Time Off Request'!$N$2:$N$422,O$1,'2025 Time Off Request'!$A$2:$A$422,$D13) -> 1 | P13: =COUNTIFS('2025 Time Off Request'!$N$2:$N$422,P$1,'2025 Time Off Request'!$A$2:$A$422,$D13) -> 0 | Q13: =COUNTIFS('2025 Time Off Request'!$N$2:$N$422,Q$1,'2025 Time Off Request'!$A$2:$A$422,$D13) -> 0 | R13: =COUNTIFS('2025 Time Off Request'!$N$2:$N$422,R$1,'2025 Time Off Request'!$A$2:$A$422,$D13) -> 1 | S13: =COUNTIFS('2025 Time Off Request'!$N$2:$N$422,S$1,'2025 Time Off Request'!$A$2:$A$422,$D13) -> 3 | T13: =COUNTIFS('2025 Time Off Request'!$N$2:$N$422,T$1,'2025 Time Off Request'!$A$2:$A$422,$D13) -> 0 | U13: =COUNTIFS('2025 Time Off Request'!$N$2:$N$422,U$1,'2025 Time Off Request'!$A$2:$A$422,$D13) -> 1 | ... Y13: =COUNTIFS('2025 Time Off Request'!$N$2:$N$422,Y$1,'2025 Time Off Request'!$A$2:$A$422,$D13) -> 0
B14: LT | C14: Dentist Relations Manager | D14: Elduweini, Aman | E14: =_xlfn.XLOOKUP(D14,'Contract Entitlement'!$D$4:$D$61,'Contract Entitlement'!$G$4:$G$61) -> 44746 | G14: =_xlfn.XLOOKUP(D14,'Contract Entitlement'!$D$4:$D$61,'Contract Entitlement'!$F$4:$F$61) -> 20 | H14: =IF(YEAR(E14)=2025,IF(DAY(E14)<15,CEILING(G14 * (12 - MONTH(E14) + 1) / 12,1),FLOOR(G14 * (12 - MONTH(E14) + 1) / 12,1)),IF(YEAR(E14)<2025,G14,0)) -> 20 | I14: =SUM(N14:Y14) -> 16 | J14: =COUNTIFS('2025 Time Off Request'!$A$2:$A$422,D14,'2025 Time Off Request'!$E$2:$E$422,"UNPAID") -> 0 | K14: =H14-I14 -> 4 | L14: =K14/G14 -> 0.2 | N14: =COUNTIFS('2025 Time Off Request'!$N$2:$N$422,N$1,'2025 Time Off Request'!$A$2:$A$422,$D14) -> 0 | O14: =COUNTIFS('2025 Time Off Request'!$N$2:$N$422,O$1,'2025 Time Off Request'!$A$2:$A$422,$D14) -> 0 | P14: =COUNTIFS('2025 Time Off Request'!$N$2:$N$422,P$1,'2025 Time Off Request'!$A$2:$A$422,$D14) -> 0 | Q14: =COUNTIFS('2025 Time Off Request'!$N$2:$N$422,Q$1,'2025 Time Off Request'!$A$2:$A$422,$D14) -> 1 | R14: =COUNTIFS('2025 Time Off Request'!$N$2:$N$422,R$1,'2025 Time Off Request'!$A$2:$A$422,$D14) -> 4 | S14: =COUNTIFS('2025 Time Off Request'!$N$2:$N$422,S$1,'2025 Time Off Request'!$A$2:$A$422,$D14) -> 1 | T14: =COUNTIFS('2025 Time Off Request'!$N$2:$N$422,T$1,'2025 Time Off Request'!$A$2:$A$422,$D14) -> 0 | U14: =COUNTIFS('2025 Time Off Request'!$N$2:$N$422,U$1,'2025 Time Off Request'!$A$2:$A$422,$D14) -> 0 | ... Y14: =COUNTIFS('2025 Time Off Request'!$N$2:$N$422,Y$1,'2025 Time Off Request'!$A$2:$A$422,$D14) -> 5
B15: ST Mgr | C15: Digital Marketing Manager | D15: Abi Khalil, Marwan | E15: =_xlfn.XLOOKUP(D15,'Contract Entitlement'!$D$4:$D$61,'Contract Entitlement'!$G$4:$G$61) -> 45152 | G15: =_xlfn.XLOOKUP(D15,'Contract Entitlement'!$D$4:$D$61,'Contract Entitlement'!$F$4:$F$61) -> 20 | H15: =IF(YEAR(E15)=2025,IF(DAY(E15)<15,CEILING(G15 * (12 - MONTH(E15) + 1) / 12,1),FLOOR(G15 * (12 - MONTH(E15) + 1) / 12,1)),IF(YEAR(E15)<2025,G15,0)) -> 20 | I15: =SUM(N15:Y15) -> 13 | J15: =COUNTIFS('2025 Time Off Request'!$A$2:$A$422,D15,'2025 Time Off Request'!$E$2:$E$422,"UNPAID") -> 0 | K15: =H15-I15 -> 7 | L15: =K15/G15 -> 0.35 | N15: =COUNTIFS('2025 Time Off Request'!$N$2:$N$422,N$1,'2025 Time Off Request'!$A$2:$A$422,$D15) -> 0 | O15: =COUNTIFS('2025 Time Off Request'!$N$2:$N$422,O$1,'2025 Time Off Request'!$A$2:$A$422,$D15) -> 0 | P15: =COUNTIFS('2025 Time Off Request'!$N$2:$N$422,P$1,'2025 Time Off Request'!$A$2:$A$422,$D15) -> 0 | Q15: =COUNTIFS('2025 Time Off Request'!$N$2:$N$422,Q$1,'2025 Time Off Request'!$A$2:$A$422,$D15) -> 0 | R15: =COUNTIFS('2025 Time Off Request'!$N$2:$N$422,R$1,'2025 Time Off Request'!$A$2:$A$422,$D15) -> 0 | S15: =COUNTIFS('2025 Time Off Request'!$N$2:$N$422,S$1,'2025 Time Off Request'!$A$2:$A$422,$D15) -> 1 | T15: =COUNTIFS('2025 Time Off Request'!$N$2:$N$422,T$1,'2025 Time Off Request'!$A$2:$A$422,$D15) -> 0 | U15: =COUNTIFS('2025 Time Off Request'!$N$2:$N$422,U$1,'2025 Time Off Request'!$A$2:$A$422,$D15) -> 12 | ... Y15: =COUNTIFS('2025 Time Off Request'!$N$2:$N$422,Y$1,'2025 Time Off Request'!$A$2:$A$422,$D15) -> 0
B16: LT | C16: Director of Business Services | D16: Al Achy, Wissam | E16: =_xlfn.XLOOKUP(D16,'Contract Entitlement'!$D$4:$D$61,'Contract Entitlement'!$G$4:$G$61) -> 45231 | G16: =_xlfn.XLOOKUP(D16,'Contract Entitlement'!$D$4:$D$61,'Contract Entitlement'!$F$4:$F$61) -> 20 | H16: =IF(YEAR(E16)=2025,IF(DAY(E16)<15,CEILING(G16 * (12 - MONTH(E16) + 1) / 12,1),FLOOR(G16 * (12 - MONTH(E16) + 1) / 12,1)),IF(YEAR(E16)<2025,G16,0)) -> 20 | I16: =SUM(N16:Y16) -> 11 | J16: =COUNTIFS('2025 Time Off Request'!$A$2:$A$422,D16,'2025 Time Off Request'!$E$2:$E$422,"UNPAID") -> 0 | K16: =H16-I16 -> 9 | L16: =K16/G16 -> 0.45 | N16: =COUNTIFS('2025 Time Off Request'!$N$2:$N$422,N$1,'2025 Time Off Request'!$A$2:$A$422,$D16) -> 2 | O16: =COUNTIFS('2025 Time Off Request'!$N$2:$N$422,O$1,'2025 Time Off Request'!$A$2:$A$422,$D16) -> 0 | P16: =COUNTIFS('2025 Time Off Request'!$N$2:$N$422,P$1,'2025 Time Off Request'!$A$2:$A$422,$D16) -> 1 | Q16: =COUNTIFS('2025 Time Off Request'!$N$2:$N$422,Q$1,'2025 Time Off Request'!$A$2:$A$422,$D16) -> 2 | R16: =COUNTIFS('2025 Time Off Request'!$N$2:$N$422,R$1,'2025 Time Off Request'!$A$2:$A$422,$D16) -> 0 | S16: =COUNTIFS('2025 Time Off Request'!$N$2:$N$422,S$1,'2025 Time Off Request'!$A$2:$A$422,$D16) -> 1 | T16: =COUNTIFS('2025 Time Off Request'!$N$2:$N$422,T$1,'2025 Time Off Request'!$A$2:$A$422,$D16) -> 2 | U16: =COUNTIFS('2025 Time Off Request'!$N$2:$N$422,U$1,'2025 Time Off Request'!$A$2:$A$422,$D16) -> 3 | ... Y16: =COUNTIFS('2025 Time Off Request'!$N$2:$N$422,Y$1,'2025 Time Off Request'!$A$2:$A$422,$D16) -> 0
B17: LT | C17: Director of Finance | D17: Reid, Laurie | E17: =_xlfn.XLOOKUP(D17,'Contract Entitlement'!$D$4:$D$61,'Contract Entitlement'!$G$4:$G$61) -> 44243 | G17: =_xlfn.XLOOKUP(D17,'Contract Entitlement'!$D$4:$D$61,'Contract Entitlement'!$F$4:$F$61) -> 25 | H17: =IF(YEAR(E17)=2025,IF(DAY(E17)<15,CEILING(G17 * (12 - MONTH(E17) + 1) / 12,1),FLOOR(G17 * (12 - MONTH(E17) + 1) / 12,1)),IF(YEAR(E17)<2025,G17,0)) -> 25 | I17: =SUM(N17:Y17) -> 16 | J17: =COUNTIFS('2025 Time Off Request'!$A$2:$A$422,D17,'2025 Time Off Request'!$E$2:$E$422,"UNPAID") -> 0 | K17: =H17-I17 -> 9 | L17: =K17/G17 -> 0.36 | N17: =COUNTIFS('2025 Time Off Request'!$N$2:$N$422,N$1,'2025 Time Off Request'!$A$2:$A$422,$D17) -> 0 | O17: =COUNTIFS('2025 Time Off Request'!$N$2:$N$422,O$1,'2025 Time Off Request'!$A$2:$A$422,$D17) -> 0 | P17: =COUNTIFS('2025 Time Off Request'!$N$2:$N$422,P$1,'2025 Time Off Request'!$A$2:$A$422,$D17) -> 0 | Q17: =COUNTIFS('2025 Time Off Request'!$N$2:$N$422,Q$1,'2025 Time Off Request'!$A$2:$A$422,$D17) -> 5 | R17: =COUNTIFS('2025 Time Off Request'!$N$2:$N$422,R$1,'2025 Time Off Request'!$A$2:$A$422,$D17) -> 0 | S17: =COUNTIFS('2025 Time Off Request'!$N$2:$N$422,S$1,'2025 Time Off Request'!$A$2:$A$422,$D17) -> 2 | T17: =COUNTIFS('2025 Time Off Request'!$N$2:$N$422,T$1,'2025 Time Off Request'!$A$2:$A$422,$D17) -> 3 | U17: =COUNTIFS('2025 Time Off Request'!$N$2:$N$422,U$1,'2025 Time Off Request'!$A$2:$A$422,$D17) -> 3 | ... Y17: =COUNTIFS('2025 Time Off Request'!$N$2:$N$422,Y$1,'2025 Time Off Request'!$A$2:$A$422,$D17) -> 3
B18: LT | C18: Director of IT | D18: Ayoub, Laith | E18: =_xlfn.XLOOKUP(D18,'Contract Entitlement'!$D$4:$D$61,'Contract Entitlement'!$G$4:$G$61) -> 44270 | G18: =_xlfn.XLOOKUP(D18,'Contract Entitlement'!$D$4:$D$61,'Contract Entitlement'!$F$4:$F$61) -> 20 | H18: =IF(YEAR(E18)=2025,IF(DAY(E18)<15,CEILING(G18 * (12 - MONTH(E18) + 1) / 12,1),FLOOR(G18 * (12 - MONTH(E18) + 1) / 12,1)),IF(YEAR(E18)<2025,G18,0)) -> 20 | I18: =SUM(N18:Y18) -> 6 | J18: =COUNTIFS('2025 Time Off Request'!$A$2:$A$422,D18,'2025 Time Off Request'!$E$2:$E$422,"UNPAID") -> 0 | K18: =H18-I18 -> 14 | L18: =K18/G18 -> 0.7 | N18: =COUNTIFS('2025 Time Off Request'!$N$2:$N$422,N$1,'2025 Time Off Request'!$A$2:$A$422,$D18) -> 0 | O18: =COUNTIFS('2025 Time Off Request'!$N$2:$N$422,O$1,'2025 Time Off Request'!$A$2:$A$422,$D18) -> 0 | P18: =COUNTIFS('2025 Time Off Request'!$N$2:$N$422,P$1,'2025 Time Off Request'!$A$2:$A$422,$D18) -> 0 | Q18: =COUNTIFS('2025 Time Off Request'!$N$2:$N$422,Q$1,'2025 Time Off Request'!$A$2:$A$422,$D18) -> 0 | R18: =COUNTIFS('2025 Time Off Request'!$N$2:$N$422,R$1,'2025 Time Off Request'!$A$2:$A$422,$D18) -> 0 | S18: =COUNTIFS('2025 Time Off Request'!$N$2:$N$422,S$1,'2025 Time Off Request'!$A$2:$A$422,$D18) -> 0 | T18: =COUNTIFS('2025 Time Off Request'!$N$2:$N$422,T$1,'2025 Time Off Request'!$A$2:$A$422,$D18) -> 5 | U18: =COUNTIFS('2025 Time Off Request'!$N$2:$N$422,U$1,'2025 Time Off Request'!$A$2:$A$422,$D18) -> 0 | ... Y18: =COUNTIFS('2025 Time Off Request'!$N$2:$N$422,Y$1,'2025 Time Off Request'!$A$2:$A$422,$D18) -> 0
B19: ST | C19: Event Planner | D19: Clark, Celestyna Ruth | E19: =_xlfn.XLOOKUP(D19,'Contract Entitlement'!$D$4:$D$61,'Contract Entitlement'!$G$4:$G$61) -> 45712 | G19: =_xlfn.XLOOKUP(D19,'Contract Entitlement'!$D$4:$D$61,'Contract Entitlement'!$F$4:$F$61) -> 10 | H19: =IF(YEAR(E19)=2025,IF(DAY(E19)<15,CEILING(G19 * (12 - MONTH(E19) + 1) / 12,1),FLOOR(G19 * (12 - MONTH(E19) + 1) / 12,1)),IF(YEAR(E19)<2025,G19,0)) -> 9 | I19: =SUM(N19:Y19) -> 8 | J19: =COUNTIFS('2025 Time Off Request'!$A$2:$A$422,D19,'2025 Time Off Request'!$E$2:$E$422,"UNPAID") -> 0 | K19: =H19-I19 -> 1 | L19: =K19/G19 -> 0.1 | N19: =COUNTIFS('2025 Time Off Request'!$N$2:$N$422,N$1,'2025 Time Off Request'!$A$2:$A$422,$D19) -> 0 | O19: =COUNTIFS('2025 Time Off Request'!$N$2:$N$422,O$1,'2025 Time Off Request'!$A$2:$A$422,$D19) -> 0 | P19: =COUNTIFS('2025 Time Off Request'!$N$2:$N$422,P$1,'2025 Time Off Request'!$A$2:$A$422,$D19) -> 0 | Q19: =COUNTIFS('2025 Time Off Request'!$N$2:$N$422,Q$1,'2025 Time Off Request'!$A$2:$A$422,$D19) -> 0 | R19: =COUNTIFS('2025 Time Off Request'!$N$2:$N$422,R$1,'2025 Time Off Request'!$A$2:$A$422,$D19) -> 0 | S19: =COUNTIFS('2025 Time Off Request'!$N$2:$N$422,S$1,'2025 Time Off Request'!$A$2:$A$422,$D19) -> 2 | T19: =COUNTIFS('2025 Time Off Request'!$N$2:$N$422,T$1,'2025 Time Off Request'!$A$2:$A$422,$D19) -> 0 | U19: =COUNTIFS('2025 Time Off Request'!$N$2:$N$422,U$1,'2025 Time Off Request'!$A$2:$A$422,$D19) -> 1 | ... Y19: =COUNTIFS('2025 Time Off Request'!$N$2:$N$422,Y$1,'2025 Time Off Request'!$A$2:$A$422,$D19) -> 0
B20: ST | C20: HR Generalist | D20: Li, Nicole Kit Yan | E20: =_xlfn.XLOOKUP(D20,'Contract Entitlement'!$D$4:$D$61,'Contract Entitlement'!$G$4:$G$61) -> 45558 | G20: =_xlfn.XLOOKUP(D20,'Contract Entitlement'!$D$4:$D$61,'Contract Entitlement'!$F$4:$F$61) -> 15 | H20: =IF(YEAR(E20)=2025,IF(DAY(E20)<15,CEILING(G20 * (12 - MONTH(E20) + 1) / 12,1),FLOOR(G20 * (12 - MONTH(E20) + 1) / 12,1)),IF(YEAR(E20)<2025,G20,0)) -> 15 | I20: =SUM(N20:Y20) -> 16 | J20: =COUNTIFS('2025 Time Off Request'!$A$2:$A$422,D20,'2025 Time Off Request'!$E$2:$E$422,"UNPAID") -> 0 | K20: =H20-I20 -> -1 | L20: =K20/G20 -> -0.066666667 | N20: =COUNTIFS('2025 Time Off Request'!$N$2:$N$422,N$1,'2025 Time Off Request'!$A$2:$A$422,$D20) -> 0 | O20: =COUNTIFS('2025 Time Off Request'!$N$2:$N$422,O$1,'2025 Time Off Request'!$A$2:$A$422,$D20) -> 1 | P20: =COUNTIFS('2025 Time Off Request'!$N$2:$N$422,P$1,'2025 Time Off Request'!$A$2:$A$422,$D20) -> 1 | Q20: =COUNTIFS('2025 Time Off Request'!$N$2:$N$422,Q$1,'2025 Time Off Request'!$A$2:$A$422,$D20) -> 0 | R20: =COUNTIFS('2025 Time Off Request'!$N$2:$N$422,R$1,'2025 Time Off Request'!$A$2:$A$422,$D20) -> 1 | S20: =COUNTIFS('2025 Time Off Request'!$N$2:$N$422,S$1,'2025 Time Off Request'!$A$2:$A$422,$D20) -> 5 | T20: =COUNTIFS('2025 Time Off Request'!$N$2:$N$422,T$1,'2025 Time Off Request'!$A$2:$A$422,$D20) -> 0 | U20: =COUNTIFS('2025 Time Off Request'!$N$2:$N$422,U$1,'2025 Time Off Request'!$A$2:$A$422,$D20) -> 0 | ... Y20: =COUNTIFS('2025 Time Off Request'!$N$2:$N$422,Y$1,'2025 Time Off Request'!$A$2:$A$422,$D20) -> 3
B21: ST | C21: IT Support Specialist | D21: Armstrong, David | E21: =_xlfn.XLOOKUP(D21,'Contract Entitlement'!$D$4:$D$61,'Contract Entitlement'!$G$4:$G$61) -> 44522 | G21: =_xlfn.XLOOKUP(D21,'Contract Entitlement'!$D$4:$D$61,'Contract Entitlement'!$F$4:$F$61) -> 15 | H21: =IF(YEAR(E21)=2025,IF(DAY(E21)<15,CEILING(G21 * (12 - MONTH(E21) + 1) / 12,1),FLOOR(G21 * (12 - MONTH(E21) + 1) / 12,1)),IF(YEAR(E21)<2025,G21,0)) -> 15 | I21: =SUM(N21:Y21) -> 12 | J21: =COUNTIFS('2025 Time Off Request'!$A$2:$A$422,D21,'2025 Time Off Request'!$E$2:$E$422,"UNPAID") -> 0 | K21: =H21-I21 -> 3 | L21: =K21/G21 -> 0.2 | N21: =COUNTIFS('2025 Time Off Request'!$N$2:$N$422,N$1,'2025 Time Off Request'!$A$2:$A$422,$D21) -> 0 | O21: =COUNTIFS('2025 Time Off Request'!$N$2:$N$422,O$1,'2025 Time Off Request'!$A$2:$A$422,$D21) -> 1 | P21: =COUNTIFS('2025 Time Off Request'!$N$2:$N$422,P$1,'2025 Time Off Request'!$A$2:$A$422,$D21) -> 0 | Q21: =COUNTIFS('2025 Time Off Request'!$N$2:$N$422,Q$1,'2025 Time Off Request'!$A$2:$A$422,$D21) -> 2 | R21: =COUNTIFS('2025 Time Off Request'!$N$2:$N$422,R$1,'2025 Time Off Request'!$A$2:$A$422,$D21) -> 2 | S21: =COUNTIFS('2025 Time Off Request'!$N$2:$N$422,S$1,'2025 Time Off Request'!$A$2:$A$422,$D21) -> 0 | T21: =COUNTIFS('2025 Time Off Request'!$N$2:$N$422,T$1,'2025 Time Off Request'!$A$2:$A$422,$D21) -> 0 | U21: =COUNTIFS('2025 Time Off Request'!$N$2:$N$422,U$1,'2025 Time Off Request'!$A$2:$A$422,$D21) -> 0 | ... Y21: =COUNTIFS('2025 Time Off Request'!$N$2:$N$422,Y$1,'2025 Time Off Request'!$A$2:$A$422,$D21) -> 3
B22: ST | C22: Payroll Admin | D22: Gonzalez Garcia, Yamila | E22: =_xlfn.XLOOKUP(D22,'Contract Entitlement'!$D$4:$D$61,'Contract Entitlement'!$G$4:$G$61) -> 44963 | G22: =_xlfn.XLOOKUP(D22,'Contract Entitlement'!$D$4:$D$61,'Contract Entitlement'!$F$4:$F$61) -> 15 | H22: =IF(YEAR(E22)=2025,IF(DAY(E22)<15,CEILING(G22 * (12 - MONTH(E22) + 1) / 12,1),FLOOR(G22 * (12 - MONTH(E22) + 1) / 12,1)),IF(YEAR(E22)<2025,G22,0)) -> 15 | I22: =SUM(N22:Y22) -> 7 | J22: =COUNTIFS('2025 Time Off Request'!$A$2:$A$422,D22,'2025 Time Off Request'!$E$2:$E$422,"UNPAID") -> 0 | K22: =H22-I22 -> 8 | L22: =K22/G22 -> 0.53333333 | N22: =COUNTIFS('2025 Time Off Request'!$N$2:$N$422,N$1,'2025 Time Off Request'!$A$2:$A$422,$D22) -> 0 | O22: =COUNTIFS('2025 Time Off Request'!$N$2:$N$422,O$1,'2025 Time Off Request'!$A$2:$A$422,$D22) -> 0 | P22: =COUNTIFS('2025 Time Off Request'!$N$2:$N$422,P$1,'2025 Time Off Request'!$A$2:$A$422,$D22) -> 0 | Q22: =COUNTIFS('2025 Time Off Request'!$N$2:$N$422,Q$1,'2025 Time Off Request'!$A$2:$A$422,$D22) -> 0 | R22: =COUNTIFS('2025 Time Off Request'!$N$2:$N$422,R$1,'2025 Time Off Request'!$A$2:$A$422,$D22) -> 0 | S22: =COUNTIFS('2025 Time Off Request'!$N$2:$N$422,S$1,'2025 Time Off Request'!$A$2:$A$422,$D22) -> 0 | T22: =COUNTIFS('2025 Time Off Request'!$N$2:$N$422,T$1,'2025 Time Off Request'!$A$2:$A$422,$D22) -> 0 | U22: =COUNTIFS('2025 Time Off Request'!$N$2:$N$422,U$1,'2025 Time Off Request'!$A$2:$A$422,$D22) -> 0 | ... Y22: =COUNTIFS('2025 Time Off Request'!$N$2:$N$422,Y$1,'2025 Time Off Request'!$A$2:$A$422,$D22) -> 7
B23: ST Mgr | C23: Payroll Manager | D23: Ammari, Waleed | E23: =_xlfn.XLOOKUP(D23,'Contract Entitlement'!$D$4:$D$61,'Contract Entitlement'!$G$4:$G$61) -> 42795 | G23: =_xlfn.XLOOKUP(D23,'Contract Entitlement'!$D$4:$D$61,'Contract Entitlement'!$F$4:$F$61) -> 20 | H23: =IF(YEAR(E23)=2025,IF(DAY(E23)<15,CEILING(G23 * (12 - MONTH(E23) + 1) / 12,1),FLOOR(G23 * (12 - MONTH(E23) + 1) / 12,1)),IF(YEAR(E23)<2025,G23,0)) -> 20 | I23: =SUM(N23:Y23) -> 15 | J23: =COUNTIFS('2025 Time Off Request'!$A$2:$A$422,D23,'2025 Time Off Request'!$E$2:$E$422,"UNPAID") -> 0 | K23: =H23-I23 -> 5 | L23: =K23/G23 -> 0.25 | N23: =COUNTIFS('2025 Time Off Request'!$N$2:$N$422,N$1,'2025 Time Off Request'!$A$2:$A$422,$D23) -> 0 | O23: =COUNTIFS('2025 Time Off Request'!$N$2:$N$422,O$1,'2025 Time Off Request'!$A$2:$A$422,$D23) -> 0 | P23: =COUNTIFS('2025 Time Off Request'!$N$2:$N$422,P$1,'2025 Time Off Request'!$A$2:$A$422,$D23) -> 0 | Q23: =COUNTIFS('2025 Time Off Request'!$N$2:$N$422,Q$1,'2025 Time Off Request'!$A$2:$A$422,$D23) -> 2 | R23: =COUNTIFS('2025 Time Off Request'!$N$2:$N$422,R$1,'2025 Time Off Request'!$A$2:$A$422,$D23) -> 1 | S23: =COUNTIFS('2025 Time Off Request'!$N$2:$N$422,S$1,'2025 Time Off Request'!$A$2:$A$422,$D23) -> 8 | T23: =COUNTIFS('2025 Time Off Request'!$N$2:$N$422,T$1,'2025 Time Off Request'!$A$2:$A$422,$D23) -> 0 | U23: =COUNTIFS('2025 Time Off Request'!$N$2:$N$422,U$1,'2025 Time Off Request'!$A$2:$A$422,$D23) -> 0 | ... Y23: =COUNTIFS('2025 Time Off Request'!$N$2:$N$422,Y$1,'2025 Time Off Request'!$A$2:$A$422,$D23) -> 4
... B36: ST Mgr | C36: Talent Acquisition Manager | D36: Zymeri, Arbenita | E36: =_xlfn.XLOOKUP(D36,'Contract Entitlement'!$D$4:$D$61,'Contract Entitlement'!$G$4:$G$61) -> 45797 | G36: =_xlfn.XLOOKUP(D36,'Contract Entitlement'!$D$4:$D$61,'Contract Entitlement'!$F$4:$F$61) -> 20 | H36: =IF(YEAR(E36)=2025,IF(DAY(E36)<15,CEILING(G36 * (12 - MONTH(E36) + 1) / 12,1),FLOOR(G36 * (12 - MONTH(E36) + 1) / 12,1)),IF(YEAR(E36)<2025,G36,0)) -> 13 | I36: =SUM(N36:Y36) -> 2 | J36: =COUNTIFS('2025 Time Off Request'!$A$2:$A$422,D36,'2025 Time Off Request'!$E$2:$E$422,"UNPAID") -> 0 | K36: =H36-I36 -> 11 | L36: =K36/G36 -> 0.55 | N36: =COUNTIFS('2025 Time Off Request'!$N$2:$N$422,N$1,'2025 Time Off Request'!$A$2:$A$422,$D36) -> 0 | O36: =COUNTIFS('2025 Time Off Request'!$N$2:$N$422,O$1,'2025 Time Off Request'!$A$2:$A$422,$D36) -> 0 | P36: =COUNTIFS('2025 Time Off Request'!$N$2:$N$422,P$1,'2025 Time Off Request'!$A$2:$A$422,$D36) -> 0 | Q36: =COUNTIFS('2025 Time Off Request'!$N$2:$N$422,Q$1,'2025 Time Off Request'!$A$2:$A$422,$D36) -> 0 | R36: =COUNTIFS('2025 Time Off Request'!$N$2:$N$422,R$1,'2025 Time Off Request'!$A$2:$A$422,$D36) -> 0 | S36: =COUNTIFS('2025 Time Off Request'!$N$2:$N$422,S$1,'2025 Time Off Request'!$A$2:$A$422,$D36) -> 0 | T36: =COUNTIFS('2025 Time Off Request'!$N$2:$N$422,T$1,'2025 Time Off Request'!$A$2:$A$422,$D36) -> 0 | U36: =COUNTIFS('2025 Time Off Request'!$N$2:$N$422,U$1,'2025 Time Off Request'!$A$2:$A$422,$D36) -> 0 | ... Y36: =COUNTIFS('2025 Time Off Request'!$N$2:$N$422,Y$1,'2025 Time Off Request'!$A$2:$A$422,$D36) -> 2
B37: ST | C37: Talent Acquisition Specialist | D37: Zymeri, Rineta | E37: =_xlfn.XLOOKUP(D37,'Contract Entitlement'!$D$4:$D$61,'Contract Entitlement'!$G$4:$G$61) -> 45882 | G37: =_xlfn.XLOOKUP(D37,'Contract Entitlement'!$D$4:$D$61,'Contract Entitlement'!$F$4:$F$61) -> 15 | H37: 4 | I37: =SUM(N37:Y37) -> 0 | J37: =COUNTIFS('2025 Time Off Request'!$A$2:$A$422,D37,'2025 Time Off Request'!$E$2:$E$422,"UNPAID") -> 0 | K37: =H37-I37 -> 4 | L37: =K37/G37 -> 0.26666667 | N37: =COUNTIFS('2025 Time Off Request'!$N$2:$N$422,N$1,'2025 Time Off Request'!$A$2:$A$422,$D37) -> 0 | O37: =COUNTIFS('2025 Time Off Request'!$N$2:$N$422,O$1,'2025 Time Off Request'!$A$2:$A$422,$D37) -> 0 | P37: =COUNTIFS('2025 Time Off Request'!$N$2:$N$422,P$1,'2025 Time Off Request'!$A$2:$A$422,$D37) -> 0 | Q37: =COUNTIFS('2025 Time Off Request'!$N$2:$N$422,Q$1,'2025 Time Off Request'!$A$2:$A$422,$D37) -> 0 | R37: =COUNTIFS('2025 Time Off Request'!$N$2:$N$422,R$1,'2025 Time Off Request'!$A$2:$A$422,$D37) -> 0 | S37: =COUNTIFS('2025 Time Off Request'!$N$2:$N$422,S$1,'2025 Time Off Request'!$A$2:$A$422,$D37) -> 0 | T37: =COUNTIFS('2025 Time Off Request'!$N$2:$N$422,T$1,'2025 Time Off Request'!$A$2:$A$422,$D37) -> 0 | U37: =COUNTIFS('2025 Time Off Request'!$N$2:$N$422,U$1,'2025 Time Off Request'!$A$2:$A$422,$D37) -> 0 | ... Y37: =COUNTIFS('2025 Time Off Request'!$N$2:$N$422,Y$1,'2025 Time Off Request'!$A$2:$A$422,$D37) -> 0
A39: =+COUNT(A4:A37) -> 0 | C39: TOTAL | G39: =+SUM(G4:G37) -> 500 | H39: =+SUM(H4:H37) -> 418 | I39: =+SUM(I4:I37) -> 280 | J39: =+SUM(J4:J37) -> 11 | K39: =+SUM(K4:K37) -> 138 | L39: =K39/G39 -> 0.276 | N39: =+SUM(N4:N37) -> 10 | O39: =+SUM(O4:O37) -> 8 | P39: =+SUM(P4:P37) -> 16 | Q39: =+SUM(Q4:Q37) -> 18 | R39: =+SUM(R4:R37) -> 31 | S39: =+SUM(S4:S37) -> 31 | T39: =+SUM(T4:T37) -> 33 | U39: =+SUM(U4:U37) -> 43 | ... Y39: =+SUM(Y4:Y37) -> 41

Sheet Dec 2025
D2: ST Total Workforce | F2: =COUNTA($D$8:$D$49) -> 35 | G2: =COUNTA($D$8:$D$49) -> 35 | H2: =COUNTA($D$8:$D$49) -> 35 | I2: =COUNTA($D$8:$D$49) -> 35 | J2: =COUNTA($D$8:$D$49) -> 35 | K2: =COUNTA($D$8:$D$49) -> 35 | L2: =COUNTA($D$8:$D$49) -> 35 | M2: =COUNTA($D$8:$D$49) -> 35 | ... AJ2: =COUNTA($D$8:$D$49) -> 35
D3: ST on Vacation | F3: =SUM(F8:F46) -> 0 | G3: =SUM(G8:G46) -> 0 | H3: =SUM(H8:H46) -> 0 | I3: =SUM(I8:I46) -> 0 | J3: =SUM(J8:J46) -> 0 | K3: =SUM(K8:K46) -> 0 | L3: =SUM(L8:L46) -> 0 | M3: =SUM(M8:M46) -> 0 | ... AJ3: =SUM(AJ8:AJ46) -> 0
D4: ST % Working | F4: =(COUNTA($D$8:$D$46)-F$3)/(COUNTA($D$8:$D$46)) -> 1 | G4: =(COUNTA($D$8:$D$46)-G$3)/(COUNTA($D$8:$D$46)) -> 1 | H4: =(COUNTA($D$8:$D$46)-H$3)/(COUNTA($D$8:$D$46)) -> 1 | I4: =(COUNTA($D$8:$D$46)-I$3)/(COUNTA($D$8:$D$46)) -> 1 | J4: =(COUNTA($D$8:$D$46)-J$3)/(COUNTA($D$8:$D$46)) -> 1 | K4: =(COUNTA($D$8:$D$46)-K$3)/(COUNTA($D$8:$D$46)) -> 1 | L4: =(COUNTA($D$8:$D$46)-L$3)/(COUNTA($D$8:$D$46)) -> 1 | M4: =(COUNTA($D$8:$D$46)-M$3)/(COUNTA($D$8:$D$46)) -> 1 | ... AJ4: =(COUNTA($D$8:$D$46)-AJ$3)/(COUNTA($D$8:$D$46)) -> 1
B6: Employee Info | E6: Day | F6: 45992 | G6: 45993 | H6: 45994 | I6: 45995 | J6: 45996 | K6: 45997 | L6: 45998 | M6: 45999 | N6: 46000 | O6: 46001 | P6: 46002 | Q6: 46003 | R6: 46004 | S6: 46005 | T6: 46006 | U6: 46007 | V6: 46008 | W6: 46009 | X6: 46010 | Y6: 46011 | Z6: 46012 | AA6: 46013 | AB6: 46014 | AC6: 46015 | AD6: 46016 | AE6: 46017 | AF6: 46018 | AG6: 46019 | AH6: 46020 | AI6: 46021 | AJ6: 46022
B7: Dept | C7: Job Title | D7: Name | E7: Month to Date | F7: Monday | G7: Tuesday | H7: Wednesday | I7: Thursday | J7: Friday | K7: Saturday | L7: Sunday | M7: Monday | N7: Tuesday | O7: Wednesday | P7: Thursday | Q7: Friday | R7: Saturday | S7: Sunday | T7: Monday | U7: Tuesday | V7: Wednesday | W7: Thursday | X7: Friday | Y7: Saturday | Z7: Sunday | AA7: Monday | AB7: Tuesday | AC7: Wednesday | AD7: Thursday | AE7: Friday | AF7: Saturday | AG7: Sunday | AH7: Monday | AI7: Tuesday | AJ7: Wednesday
A8: 1 | B8: LT | C8: CEO | D8: Mazahreh, Said | E8: =SUM(F8:AJ8) -> 0 | F8: =COUNTIFS('2026 Time Off Request'!$A:$A,'Dec 2025'!$D8,'2026 Time Off Request'!$L:$L,'Dec 2025'!F$6) -> 0 | G8: =COUNTIFS('2026 Time Off Request'!$A:$A,'Dec 2025'!$D8,'2026 Time Off Request'!$L:$L,'Dec 2025'!G$6) -> 0 | H8: =COUNTIFS('2026 Time Off Request'!$A:$A,'Dec 2025'!$D8,'2026 Time Off Request'!$L:$L,'Dec 2025'!H$6) -> 0 | I8: =COUNTIFS('2026 Time Off Request'!$A:$A,'Dec 2025'!$D8,'2026 Time Off Request'!$L:$L,'Dec 2025'!I$6) -> 0 | J8: =COUNTIFS('2026 Time Off Request'!$A:$A,'Dec 2025'!$D8,'2026 Time Off Request'!$L:$L,'Dec 2025'!J$6) -> 0 | K8: =COUNTIFS('2026 Time Off Request'!$A:$A,'Dec 2025'!$D8,'2026 Time Off Request'!$L:$L,'Dec 2025'!K$6) -> 0 | L8: =COUNTIFS('2026 Time Off Request'!$A:$A,'Dec 2025'!$D8,'2026 Time Off Request'!$L:$L,'Dec 2025'!L$6) -> 0 | M8: =COUNTIFS('2026 Time Off Request'!$A:$A,'Dec 2025'!$D8,'2026 Time Off Request'!$L:$L,'Dec 2025'!M$6) -> 0 | ... AJ8: =COUNTIFS('2026 Time Off Request'!$A:$A,'Dec 2025'!$D8,'2026 Time Off Request'!$L:$L,'Dec 2025'!AJ$6) -> 0
A9: 2 | B9: LT | C9: Director of Finance | D9: Reid, Laurie | E9: =SUM(F9:AJ9) -> 0 | F9: =COUNTIFS('2026 Time Off Request'!$A:$A,'Dec 2025'!$D9,'2026 Time Off Request'!$L:$L,'Dec 2025'!F$6) -> 0 | G9: =COUNTIFS('2026 Time Off Request'!$A:$A,'Dec 2025'!$D9,'2026 Time Off Request'!$L:$L,'Dec 2025'!G$6) -> 0 | H9: =COUNTIFS('2026 Time Off Request'!$A:$A,'Dec 2025'!$D9,'2026 Time Off Request'!$L:$L,'Dec 2025'!H$6) -> 0 | I9: =COUNTIFS('2026 Time Off Request'!$A:$A,'Dec 2025'!$D9,'2026 Time Off Request'!$L:$L,'Dec 2025'!I$6) -> 0 | J9: =COUNTIFS('2026 Time Off Request'!$A:$A,'Dec 2025'!$D9,'2026 Time Off Request'!$L:$L,'Dec 2025'!J$6) -> 0 | K9: =COUNTIFS('2026 Time Off Request'!$A:$A,'Dec 2025'!$D9,'2026 Time Off Request'!$L:$L,'Dec 2025'!K$6) -> 0 | L9: =COUNTIFS('2026 Time Off Request'!$A:$A,'Dec 2025'!$D9,'2026 Time Off Request'!$L:$L,'Dec 2025'!L$6) -> 0 | M9: =COUNTIFS('2026 Time Off Request'!$A:$A,'Dec 2025'!$D9,'2026 Time Off Request'!$L:$L,'Dec 2025'!M$6) -> 0 | ... AJ9: =COUNTIFS('2026 Time Off Request'!$A:$A,'Dec 2025'!$D9,'2026 Time Off Request'!$L:$L,'Dec 2025'!AJ$6) -> 0
A10: 3 | B10: LT | C10: Director of Business Services | D10: Al Achy, Wissam | E10: =SUM(F10:AJ10) -> 0 | F10: =COUNTIFS('2026 Time Off Request'!$A:$A,'Dec 2025'!$D10,'2026 Time Off Request'!$L:$L,'Dec 2025'!F$6) -> 0 | G10: =COUNTIFS('2026 Time Off Request'!$A:$A,'Dec 2025'!$D10,'2026 Time Off Request'!$L:$L,'Dec 2025'!G$6) -> 0 | H10: =COUNTIFS('2026 Time Off Request'!$A:$A,'Dec 2025'!$D10,'2026 Time Off Request'!$L:$L,'Dec 2025'!H$6) -> 0 | I10: =COUNTIFS('2026 Time Off Request'!$A:$A,'Dec 2025'!$D10,'2026 Time Off Request'!$L:$L,'Dec 2025'!I$6) -> 0 | J10: =COUNTIFS('2026 Time Off Request'!$A:$A,'Dec 2025'!$D10,'2026 Time Off Request'!$L:$L,'Dec 2025'!J$6) -> 0 | K10: =COUNTIFS('2026 Time Off Request'!$A:$A,'Dec 2025'!$D10,'2026 Time Off Request'!$L:$L,'Dec 2025'!K$6) -> 0 | L10: =COUNTIFS('2026 Time Off Request'!$A:$A,'Dec 2025'!$D10,'2026 Time Off Request'!$L:$L,'Dec 2025'!L$6) -> 0 | M10: =COUNTIFS('2026 Time Off Request'!$A:$A,'Dec 2025'!$D10,'2026 Time Off Request'!$L:$L,'Dec 2025'!M$6) -> 0 | ... AJ10: =COUNTIFS('2026 Time Off Request'!$A:$A,'Dec 2025'!$D10,'2026 Time Off Request'!$L:$L,'Dec 2025'!AJ$6) -> 0
A11: 4 | B11: LT | C11: Dentist Relations Manager | D11: Elduweini, Aman | E11: =SUM(F11:AJ11) -> 0 | F11: =COUNTIFS('2026 Time Off Request'!$A:$A,'Dec 2025'!$D11,'2026 Time Off Request'!$L:$L,'Dec 2025'!F$6) -> 0 | G11: =COUNTIFS('2026 Time Off Request'!$A:$A,'Dec 2025'!$D11,'2026 Time Off Request'!$L:$L,'Dec 2025'!G$6) -> 0 | H11: =COUNTIFS('2026 Time Off Request'!$A:$A,'Dec 2025'!$D11,'2026 Time Off Request'!$L:$L,'Dec 2025'!H$6) -> 0 | I11: =COUNTIFS('2026 Time Off Request'!$A:$A,'Dec 2025'!$D11,'2026 Time Off Request'!$L:$L,'Dec 2025'!I$6) -> 0 | J11: =COUNTIFS('2026 Time Off Request'!$A:$A,'Dec 2025'!$D11,'2026 Time Off Request'!$L:$L,'Dec 2025'!J$6) -> 0 | K11: =COUNTIFS('2026 Time Off Request'!$A:$A,'Dec 2025'!$D11,'2026 Time Off Request'!$L:$L,'Dec 2025'!K$6) -> 0 | L11: =COUNTIFS('2026 Time Off Request'!$A:$A,'Dec 2025'!$D11,'2026 Time Off Request'!$L:$L,'Dec 2025'!L$6) -> 0 | M11: =COUNTIFS('2026 Time Off Request'!$A:$A,'Dec 2025'!$D11,'2026 Time Off Request'!$L:$L,'Dec 2025'!M$6) -> 0 | ... AJ11: =COUNTIFS('2026 Time Off Request'!$A:$A,'Dec 2025'!$D11,'2026 Time Off Request'!$L:$L,'Dec 2025'!AJ$6) -> 0
A12: 5 | B12: LT | C12: Director of IT | D12: Ayoub, Laith | E12: =SUM(F12:AJ12) -> 0 | F12: =COUNTIFS('2026 Time Off Request'!$A:$A,'Dec 2025'!$D12,'2026 Time Off Request'!$L:$L,'Dec 2025'!F$6) -> 0 | G12: =COUNTIFS('2026 Time Off Request'!$A:$A,'Dec 2025'!$D12,'2026 Time Off Request'!$L:$L,'Dec 2025'!G$6) -> 0 | H12: =COUNTIFS('2026 Time Off Request'!$A:$A,'Dec 2025'!$D12,'2026 Time Off Request'!$L:$L,'Dec 2025'!H$6) -> 0 | I12: =COUNTIFS('2026 Time Off Request'!$A:$A,'Dec 2025'!$D12,'2026 Time Off Request'!$L:$L,'Dec 2025'!I$6) -> 0 | J12: =COUNTIFS('2026 Time Off Request'!$A:$A,'Dec 2025'!$D12,'2026 Time Off Request'!$L:$L,'Dec 2025'!J$6) -> 0 | K12: =COUNTIFS('2026 Time Off Request'!$A:$A,'Dec 2025'!$D12,'2026 Time Off Request'!$L:$L,'Dec 2025'!K$6) -> 0 | L12: =COUNTIFS('2026 Time Off Request'!$A:$A,'Dec 2025'!$D12,'2026 Time Off Request'!$L:$L,'Dec 2025'!L$6) -> 0 | M12: =COUNTIFS('2026 Time Off Request'!$A:$A,'Dec 2025'!$D12,'2026 Time Off Request'!$L:$L,'Dec 2025'!M$6) -> 0 | ... AJ12: =COUNTIFS('2026 Time Off Request'!$A:$A,'Dec 2025'!$D12,'2026 Time Off Request'!$L:$L,'Dec 2025'!AJ$6) -> 0
A13: 6 | B13: RM | C13: Regional Manager | D13: Hellegards, Mandi | E13: =SUM(F13:AJ13) -> 0 | F13: =COUNTIFS('2026 Time Off Request'!$A:$A,'Dec 2025'!$D13,'2026 Time Off Request'!$L:$L,'Dec 2025'!F$6) -> 0 | G13: =COUNTIFS('2026 Time Off Request'!$A:$A,'Dec 2025'!$D13,'2026 Time Off Request'!$L:$L,'Dec 2025'!G$6) -> 0 | H13: =COUNTIFS('2026 Time Off Request'!$A:$A,'Dec 2025'!$D13,'2026 Time Off Request'!$L:$L,'Dec 2025'!H$6) -> 0 | I13: =COUNTIFS('2026 Time Off Request'!$A:$A,'Dec 2025'!$D13,'2026 Time Off Request'!$L:$L,'Dec 2025'!I$6) -> 0 | J13: =COUNTIFS('2026 Time Off Request'!$A:$A,'Dec 2025'!$D13,'2026 Time Off Request'!$L:$L,'Dec 2025'!J$6) -> 0 | K13: =COUNTIFS('2026 Time Off Request'!$A:$A,'Dec 2025'!$D13,'2026 Time Off Request'!$L:$L,'Dec 2025'!K$6) -> 0 | L13: =COUNTIFS('2026 Time Off Request'!$A:$A,'Dec 2025'!$D13,'2026 Time Off Request'!$L:$L,'Dec 2025'!L$6) -> 0 | M13: =COUNTIFS('2026 Time Off Request'!$A:$A,'Dec 2025'!$D13,'2026 Time Off Request'!$L:$L,'Dec 2025'!M$6) -> 0 | ... AJ13: =COUNTIFS('2026 Time Off Request'!$A:$A,'Dec 2025'!$D13,'2026 Time Off Request'!$L:$L,'Dec 2025'!AJ$6) -> 0
A14: 7 | B14: RM | C14: Regional Manager | D14: Olberg, Cheryl | E14: =SUM(F14:AJ14) -> 0 | F14: =COUNTIFS('2026 Time Off Request'!$A:$A,'Dec 2025'!$D14,'2026 Time Off Request'!$L:$L,'Dec 2025'!F$6) -> 0 | G14: =COUNTIFS('2026 Time Off Request'!$A:$A,'Dec 2025'!$D14,'2026 Time Off Request'!$L:$L,'Dec 2025'!G$6) -> 0 | H14: =COUNTIFS('2026 Time Off Request'!$A:$A,'Dec 2025'!$D14,'2026 Time Off Request'!$L:$L,'Dec 2025'!H$6) -> 0 | I14: =COUNTIFS('2026 Time Off Request'!$A:$A,'Dec 2025'!$D14,'2026 Time Off Request'!$L:$L,'Dec 2025'!I$6) -> 0 | J14: =COUNTIFS('2026 Time Off Request'!$A:$A,'Dec 2025'!$D14,'2026 Time Off Request'!$L:$L,'Dec 2025'!J$6) -> 0 | K14: =COUNTIFS('2026 Time Off Request'!$A:$A,'Dec 2025'!$D14,'2026 Time Off Request'!$L:$L,'Dec 2025'!K$6) -> 0 | L14: =COUNTIFS('2026 Time Off Request'!$A:$A,'Dec 2025'!$D14,'2026 Time Off Request'!$L:$L,'Dec 2025'!L$6) -> 0 | M14: =COUNTIFS('2026 Time Off Request'!$A:$A,'Dec 2025'!$D14,'2026 Time Off Request'!$L:$L,'Dec 2025'!M$6) -> 0 | ... AJ14: =COUNTIFS('2026 Time Off Request'!$A:$A,'Dec 2025'!$D14,'2026 Time Off Request'!$L:$L,'Dec 2025'!AJ$6) -> 0
A15: 8 | B15: RM | C15: Regional Manager | D15: Placsko, Jamie | E15: =SUM(F15:AJ15) -> 0 | F15: =COUNTIFS('2026 Time Off Request'!$A:$A,'Dec 2025'!$D15,'2026 Time Off Request'!$L:$L,'Dec 2025'!F$6) -> 0 | G15: =COUNTIFS('2026 Time Off Request'!$A:$A,'Dec 2025'!$D15,'2026 Time Off Request'!$L:$L,'Dec 2025'!G$6) -> 0 | H15: =COUNTIFS('2026 Time Off Request'!$A:$A,'Dec 2025'!$D15,'2026 Time Off Request'!$L:$L,'Dec 2025'!H$6) -> 0 | I15: =COUNTIFS('2026 Time Off Request'!$A:$A,'Dec 2025'!$D15,'2026 Time Off Request'!$L:$L,'Dec 2025'!I$6) -> 0 | J15: =COUNTIFS('2026 Time Off Request'!$A:$A,'Dec 2025'!$D15,'2026 Time Off Request'!$L:$L,'Dec 2025'!J$6) -> 0 | K15: =COUNTIFS('2026 Time Off Request'!$A:$A,'Dec 2025'!$D15,'2026 Time Off Request'!$L:$L,'Dec 2025'!K$6) -> 0 | L15: =COUNTIFS('2026 Time Off Request'!$A:$A,'Dec 2025'!$D15,'2026 Time Off Request'!$L:$L,'Dec 2025'!L$6) -> 0 | M15: =COUNTIFS('2026 Time Off Request'!$A:$A,'Dec 2025'!$D15,'2026 Time Off Request'!$L:$L,'Dec 2025'!M$6) -> 0 | ... AJ15: =COUNTIFS('2026 Time Off Request'!$A:$A,'Dec 2025'!$D15,'2026 Time Off Request'!$L:$L,'Dec 2025'!AJ$6) -> 0
A16: 9 | B16: RM | C16: Regional Manager | D16: Bernard, Jennifer | E16: =SUM(F16:AJ16) -> 0 | F16: =COUNTIFS('2026 Time Off Request'!$A:$A,'Dec 2025'!$D16,'2026 Time Off Request'!$L:$L,'Dec 2025'!F$6) -> 0 | G16: =COUNTIFS('2026 Time Off Request'!$A:$A,'Dec 2025'!$D16,'2026 Time Off Request'!$L:$L,'Dec 2025'!G$6) -> 0 | H16: =COUNTIFS('2026 Time Off Request'!$A:$A,'Dec 2025'!$D16,'2026 Time Off Request'!$L:$L,'Dec 2025'!H$6) -> 0 | I16: =COUNTIFS('2026 Time Off Request'!$A:$A,'Dec 2025'!$D16,'2026 Time Off Request'!$L:$L,'Dec 2025'!I$6) -> 0 | J16: =COUNTIFS('2026 Time Off Request'!$A:$A,'Dec 2025'!$D16,'2026 Time Off Request'!$L:$L,'Dec 2025'!J$6) -> 0 | K16: =COUNTIFS('2026 Time Off Request'!$A:$A,'Dec 2025'!$D16,'2026 Time Off Request'!$L:$L,'Dec 2025'!K$6) -> 0 | L16: =COUNTIFS('2026 Time Off Request'!$A:$A,'Dec 2025'!$D16,'2026 Time Off Request'!$L:$L,'Dec 2025'!L$6) -> 0 | M16: =COUNTIFS('2026 Time Off Request'!$A:$A,'Dec 2025'!$D16,'2026 Time Off Request'!$L:$L,'Dec 2025'!M$6) -> 0 | ... AJ16: =COUNTIFS('2026 Time Off Request'!$A:$A,'Dec 2025'!$D16,'2026 Time Off Request'!$L:$L,'Dec 2025'!AJ$6) -> 0
A17: 10 | B17: RM | C17: Regional Manager | D17: Brijlall, Asha Chetna | E17: =SUM(F17:AJ17) -> 0 | F17: =COUNTIFS('2026 Time Off Request'!$A:$A,'Dec 2025'!$D17,'2026 Time Off Request'!$L:$L,'Dec 2025'!F$6) -> 0 | G17: =COUNTIFS('2026 Time Off Request'!$A:$A,'Dec 2025'!$D17,'2026 Time Off Request'!$L:$L,'Dec 2025'!G$6) -> 0 | H17: =COUNTIFS('2026 Time Off Request'!$A:$A,'Dec 2025'!$D17,'2026 Time Off Request'!$L:$L,'Dec 2025'!H$6) -> 0 | I17: =COUNTIFS('2026 Time Off Request'!$A:$A,'Dec 2025'!$D17,'2026 Time Off Request'!$L:$L,'Dec 2025'!I$6) -> 0 | J17: =COUNTIFS('2026 Time Off Request'!$A:$A,'Dec 2025'!$D17,'2026 Time Off Request'!$L:$L,'Dec 2025'!J$6) -> 0 | K17: =COUNTIFS('2026 Time Off Request'!$A:$A,'Dec 2025'!$D17,'2026 Time Off Request'!$L:$L,'Dec 2025'!K$6) -> 0 | L17: =COUNTIFS('2026 Time Off Request'!$A:$A,'Dec 2025'!$D17,'2026 Time Off Request'!$L:$L,'Dec 2025'!L$6) -> 0 | M17: =COUNTIFS('2026 Time Off Request'!$A:$A,'Dec 2025'!$D17,'2026 Time Off Request'!$L:$L,'Dec 2025'!M$6) -> 0 | ... AJ17: =COUNTIFS('2026 Time Off Request'!$A:$A,'Dec 2025'!$D17,'2026 Time Off Request'!$L:$L,'Dec 2025'!AJ$6) -> 0
A18: 11 | B18: RM | C18: Regional Manager | D18: Harlow, Mark | E18: =SUM(F18:AJ18) -> 0 | F18: =COUNTIFS('2026 Time Off Request'!$A:$A,'Dec 2025'!$D18,'2026 Time Off Request'!$L:$L,'Dec 2025'!F$6) -> 0 | G18: =COUNTIFS('2026 Time Off Request'!$A:$A,'Dec 2025'!$D18,'2026 Time Off Request'!$L:$L,'Dec 2025'!G$6) -> 0 | H18: =COUNTIFS('2026 Time Off Request'!$A:$A,'Dec 2025'!$D18,'2026 Time Off Request'!$L:$L,'Dec 2025'!H$6) -> 0 | I18: =COUNTIFS('2026 Time Off Request'!$A:$A,'Dec 2025'!$D18,'2026 Time Off Request'!$L:$L,'Dec 2025'!I$6) -> 0 | J18: =COUNTIFS('2026 Time Off Request'!$A:$A,'Dec 2025'!$D18,'2026 Time Off Request'!$L:$L,'Dec 2025'!J$6) -> 0 | K18: =COUNTIFS('2026 Time Off Request'!$A:$A,'Dec 2025'!$D18,'2026 Time Off Request'!$L:$L,'Dec 2025'!K$6) -> 0 | L18: =COUNTIFS('2026 Time Off Request'!$A:$A,'Dec 2025'!$D18,'2026 Time Off Request'!$L:$L,'Dec 2025'!L$6) -> 0 | M18: =COUNTIFS('2026 Time Off Request'!$A:$A,'Dec 2025'!$D18,'2026 Time Off Request'!$L:$L,'Dec 2025'!M$6) -> 0 | ... AJ18: =COUNTIFS('2026 Time Off Request'!$A:$A,'Dec 2025'!$D18,'2026 Time Off Request'!$L:$L,'Dec 2025'!AJ$6) -> 0
A19: 12 | B19: RM | C19: Regional Manager | D19: Ciccone, Shelley | E19: =SUM(F19:AJ19) -> 0 | F19: =COUNTIFS('2026 Time Off Request'!$A:$A,'Dec 2025'!$D19,'2026 Time Off Request'!$L:$L,'Dec 2025'!F$6) -> 0 | G19: =COUNTIFS('2026 Time Off Request'!$A:$A,'Dec 2025'!$D19,'2026 Time Off Request'!$L:$L,'Dec 2025'!G$6) -> 0 | H19: =COUNTIFS('2026 Time Off Request'!$A:$A,'Dec 2025'!$D19,'2026 Time Off Request'!$L:$L,'Dec 2025'!H$6) -> 0 | I19: =COUNTIFS('2026 Time Off Request'!$A:$A,'Dec 2025'!$D19,'2026 Time Off Request'!$L:$L,'Dec 2025'!I$6) -> 0 | J19: =COUNTIFS('2026 Time Off Request'!$A:$A,'Dec 2025'!$D19,'2026 Time Off Request'!$L:$L,'Dec 2025'!J$6) -> 0 | K19: =COUNTIFS('2026 Time Off Request'!$A:$A,'Dec 2025'!$D19,'2026 Time Off Request'!$L:$L,'Dec 2025'!K$6) -> 0 | L19: =COUNTIFS('2026 Time Off Request'!$A:$A,'Dec 2025'!$D19,'2026 Time Off Request'!$L:$L,'Dec 2025'!L$6) -> 0 | M19: =COUNTIFS('2026 Time Off Request'!$A:$A,'Dec 2025'!$D19,'2026 Time Off Request'!$L:$L,'Dec 2025'!M$6) -> 0 | ... AJ19: =COUNTIFS('2026 Time Off Request'!$A:$A,'Dec 2025'!$D19,'2026 Time Off Request'!$L:$L,'Dec 2025'!AJ$6) -> 0
... A42: 35 | B42: ST | C42: Accounts Payable Admin | D42: Guirguis, George | E42: =SUM(F42:AJ42) -> 0 | F42: =COUNTIFS('2026 Time Off Request'!$A:$A,'Dec 2025'!$D42,'2026 Time Off Request'!$L:$L,'Dec 2025'!F$6) -> 0 | G42: =COUNTIFS('2026 Time Off Request'!$A:$A,'Dec 2025'!$D42,'2026 Time Off Request'!$L:$L,'Dec 2025'!G$6) -> 0 | H42: =COUNTIFS('2026 Time Off Request'!$A:$A,'Dec 2025'!$D42,'2026 Time Off Request'!$L:$L,'Dec 2025'!H$6) -> 0 | I42: =COUNTIFS('2026 Time Off Request'!$A:$A,'Dec 2025'!$D42,'2026 Time Off Request'!$L:$L,'Dec 2025'!I$6) -> 0 | J42: =COUNTIFS('2026 Time Off Request'!$A:$A,'Dec 2025'!$D42,'2026 Time Off Request'!$L:$L,'Dec 2025'!J$6) -> 0 | K42: =COUNTIFS('2026 Time Off Request'!$A:$A,'Dec 2025'!$D42,'2026 Time Off Request'!$L:$L,'Dec 2025'!K$6) -> 0 | L42: =COUNTIFS('2026 Time Off Request'!$A:$A,'Dec 2025'!$D42,'2026 Time Off Request'!$L:$L,'Dec 2025'!L$6) -> 0 | M42: =COUNTIFS('2026 Time Off Request'!$A:$A,'Dec 2025'!$D42,'2026 Time Off Request'!$L:$L,'Dec 2025'!M$6) -> 0 | ... AJ42: =COUNTIFS('2026 Time Off Request'!$A:$A,'Dec 2025'!$D42,'2026 Time Off Request'!$L:$L,'Dec 2025'!AJ$6) -> 0

Sheet Jan 2026
D2: ST Total Workforce | F2: =COUNTA($D$8:$D$50) -> 36 | G2: =COUNTA($D$8:$D$50) -> 36 | H2: =COUNTA($D$8:$D$50) -> 36 | I2: =COUNTA($D$8:$D$50) -> 36 | J2: =COUNTA($D$8:$D$50) -> 36 | K2: =COUNTA($D$8:$D$50) -> 36 | L2: =COUNTA($D$8:$D$50) -> 36 | M2: =COUNTA($D$8:$D$50) -> 36 | ... AJ2: =COUNTA($D$8:$D$50) -> 36
D3: ST on Vacation | F3: =SUM(F8:F47) -> 0 | G3: =SUM(G8:G47) -> 2 | H3: =SUM(H8:H47) -> 0 | I3: =SUM(I8:I47) -> 0 | J3: =SUM(J8:J47) -> 3 | K3: =SUM(K8:K47) -> 2 | L3: =SUM(L8:L47) -> 2 | M3: =SUM(M8:M47) -> 2 | ... AJ3: =SUM(AJ8:AJ47) -> 0
D4: ST % Working | F4: =(COUNTA($D$8:$D$47)-F$3)/(COUNTA($D$8:$D$47)) -> 1 | G4: =(COUNTA($D$8:$D$47)-G$3)/(COUNTA($D$8:$D$47)) -> 0.94444444 | H4: =(COUNTA($D$8:$D$47)-H$3)/(COUNTA($D$8:$D$47)) -> 1 | I4: =(COUNTA($D$8:$D$47)-I$3)/(COUNTA($D$8:$D$47)) -> 1 | J4: =(COUNTA($D$8:$D$47)-J$3)/(COUNTA($D$8:$D$47)) -> 0.91666667 | K4: =(COUNTA($D$8:$D$47)-K$3)/(COUNTA($D$8:$D$47)) -> 0.94444444 | L4: =(COUNTA($D$8:$D$47)-L$3)/(COUNTA($D$8:$D$47)) -> 0.94444444 | M4: =(COUNTA($D$8:$D$47)-M$3)/(COUNTA($D$8:$D$47)) -> 0.94444444 | ... AJ4: =(COUNTA($D$8:$D$47)-AJ$3)/(COUNTA($D$8:$D$47)) -> 1
B6: Employee Info | E6: Day | F6: 46023 | G6: 46024 | H6: 46025 | I6: 46026 | J6: 46027 | K6: 46028 | L6: 46029 | M6: 46030 | N6: 46031 | O6: 46032 | P6: 46033 | Q6: 46034 | R6: 46035 | S6: 46036 | T6: 46037 | U6: 46038 | V6: 46039 | W6: 46040 | X6: 46041 | Y6: 46042 | Z6: 46043 | AA6: 46044 | AB6: 46045 | AC6: 46046 | AD6: 46047 | AE6: 46048 | AF6: 46049 | AG6: 46050 | AH6: 46051 | AI6: 46052 | AJ6: 46053
B7: Dept | C7: Job Title | D7: Name | E7: Month to Date | F7: Thursday | G7: Friday | H7: Saturday | I7: Sunday | J7: Monday | K7: Tuesday | L7: Wednesday | M7: Thursday | N7: Friday | O7: Saturday | P7: Sunday | Q7: Monday | R7: Tuesday | S7: Wednesday | T7: Thursday | U7: Friday | V7: Saturday | W7: Sunday | X7: Monday | Y7: Tuesday | Z7: Wednesday | AA7: Thursday | AB7: Friday | AC7: Saturday | AD7: Sunday | AE7: Monday | AF7: Tuesday | AG7: Wednesday | AH7: Thursday | AI7: Friday | AJ7: Saturday
A8: 1 | B8: LT | C8: CEO | D8: Mazahreh, Said | E8: =SUM(F8:AJ8) -> 0 | F8: =COUNTIFS('2026 Time Off Request'!$A:$A,'Jan 2026'!$D8,'2026 Time Off Request'!$L:$L,'Jan 2026'!F$6) -> 0 | G8: =COUNTIFS('2026 Time Off Request'!$A:$A,'Jan 2026'!$D8,'2026 Time Off Request'!$L:$L,'Jan 2026'!G$6) -> 0 | H8: =COUNTIFS('2026 Time Off Request'!$A:$A,'Jan 2026'!$D8,'2026 Time Off Request'!$L:$L,'Jan 2026'!H$6) -> 0 | I8: =COUNTIFS('2026 Time Off Request'!$A:$A,'Jan 2026'!$D8,'2026 Time Off Request'!$L:$L,'Jan 2026'!I$6) -> 0 | J8: =COUNTIFS('2026 Time Off Request'!$A:$A,'Jan 2026'!$D8,'2026 Time Off Request'!$L:$L,'Jan 2026'!J$6) -> 0 | K8: =COUNTIFS('2026 Time Off Request'!$A:$A,'Jan 2026'!$D8,'2026 Time Off Request'!$L:$L,'Jan 2026'!K$6) -> 0 | L8: =COUNTIFS('2026 Time Off Request'!$A:$A,'Jan 2026'!$D8,'2026 Time Off Request'!$L:$L,'Jan 2026'!L$6) -> 0 | M8: =COUNTIFS('2026 Time Off Request'!$A:$A,'Jan 2026'!$D8,'2026 Time Off Request'!$L:$L,'Jan 2026'!M$6) -> 0 | ... AJ8: =COUNTIFS('2026 Time Off Request'!$A:$A,'Jan 2026'!$D8,'2026 Time Off Request'!$L:$L,'Jan 2026'!AJ$6) -> 0
A9: 2 | B9: LT | C9: Director of Finance | D9: Reid, Laurie | E9: =SUM(F9:AJ9) -> 0 | F9: =COUNTIFS('2026 Time Off Request'!$A:$A,'Jan 2026'!$D9,'2026 Time Off Request'!$L:$L,'Jan 2026'!F$6) -> 0 | G9: =COUNTIFS('2026 Time Off Request'!$A:$A,'Jan 2026'!$D9,'2026 Time Off Request'!$L:$L,'Jan 2026'!G$6) -> 0 | H9: =COUNTIFS('2026 Time Off Request'!$A:$A,'Jan 2026'!$D9,'2026 Time Off Request'!$L:$L,'Jan 2026'!H$6) -> 0 | I9: =COUNTIFS('2026 Time Off Request'!$A:$A,'Jan 2026'!$D9,'2026 Time Off Request'!$L:$L,'Jan 2026'!I$6) -> 0 | J9: =COUNTIFS('2026 Time Off Request'!$A:$A,'Jan 2026'!$D9,'2026 Time Off Request'!$L:$L,'Jan 2026'!J$6) -> 0 | K9: =COUNTIFS('2026 Time Off Request'!$A:$A,'Jan 2026'!$D9,'2026 Time Off Request'!$L:$L,'Jan 2026'!K$6) -> 0 | L9: =COUNTIFS('2026 Time Off Request'!$A:$A,'Jan 2026'!$D9,'2026 Time Off Request'!$L:$L,'Jan 2026'!L$6) -> 0 | M9: =COUNTIFS('2026 Time Off Request'!$A:$A,'Jan 2026'!$D9,'2026 Time Off Request'!$L:$L,'Jan 2026'!M$6) -> 0 | ... AJ9: =COUNTIFS('2026 Time Off Request'!$A:$A,'Jan 2026'!$D9,'2026 Time Off Request'!$L:$L,'Jan 2026'!AJ$6) -> 0
A10: 3 | B10: LT | C10: Director of Business Services | D10: Al Achy, Wissam | E10: =SUM(F10:AJ10) -> 0 | F10: =COUNTIFS('2026 Time Off Request'!$A:$A,'Jan 2026'!$D10,'2026 Time Off Request'!$L:$L,'Jan 2026'!F$6) -> 0 | G10: =COUNTIFS('2026 Time Off Request'!$A:$A,'Jan 2026'!$D10,'2026 Time Off Request'!$L:$L,'Jan 2026'!G$6) -> 0 | H10: =COUNTIFS('2026 Time Off Request'!$A:$A,'Jan 2026'!$D10,'2026 Time Off Request'!$L:$L,'Jan 2026'!H$6) -> 0 | I10: =COUNTIFS('2026 Time Off Request'!$A:$A,'Jan 2026'!$D10,'2026 Time Off Request'!$L:$L,'Jan 2026'!I$6) -> 0 | J10: =COUNTIFS('2026 Time Off Request'!$A:$A,'Jan 2026'!$D10,'2026 Time Off Request'!$L:$L,'Jan 2026'!J$6) -> 0 | K10: =COUNTIFS('2026 Time Off Request'!$A:$A,'Jan 2026'!$D10,'2026 Time Off Request'!$L:$L,'Jan 2026'!K$6) -> 0 | L10: =COUNTIFS('2026 Time Off Request'!$A:$A,'Jan 2026'!$D10,'2026 Time Off Request'!$L:$L,'Jan 2026'!L$6) -> 0 | M10: =COUNTIFS('2026 Time Off Request'!$A:$A,'Jan 2026'!$D10,'2026 Time Off Request'!$L:$L,'Jan 2026'!M$6) -> 0 | ... AJ10: =COUNTIFS('2026 Time Off Request'!$A:$A,'Jan 2026'!$D10,'2026 Time Off Request'!$L:$L,'Jan 2026'!AJ$6) -> 0
A11: 4 | B11: LT | C11: Dentist Relations Manager | D11: Elduweini, Aman | E11: =SUM(F11:AJ11) -> 1 | F11: =COUNTIFS('2026 Time Off Request'!$A:$A,'Jan 2026'!$D11,'2026 Time Off Request'!$L:$L,'Jan 2026'!F$6) -> 0 | G11: =COUNTIFS('2026 Time Off Request'!$A:$A,'Jan 2026'!$D11,'2026 Time Off Request'!$L:$L,'Jan 2026'!G$6) -> 0 | H11: =COUNTIFS('2026 Time Off Request'!$A:$A,'Jan 2026'!$D11,'2026 Time Off Request'!$L:$L,'Jan 2026'!H$6) -> 0 | I11: =COUNTIFS('2026 Time Off Request'!$A:$A,'Jan 2026'!$D11,'2026 Time Off Request'!$L:$L,'Jan 2026'!I$6) -> 0 | J11: =COUNTIFS('2026 Time Off Request'!$A:$A,'Jan 2026'!$D11,'2026 Time Off Request'!$L:$L,'Jan 2026'!J$6) -> 0 | K11: =COUNTIFS('2026 Time Off Request'!$A:$A,'Jan 2026'!$D11,'2026 Time Off Request'!$L:$L,'Jan 2026'!K$6) -> 0 | L11: =COUNTIFS('2026 Time Off Request'!$A:$A,'Jan 2026'!$D11,'2026 Time Off Request'!$L:$L,'Jan 2026'!L$6) -> 1 | M11: =COUNTIFS('2026 Time Off Request'!$A:$A,'Jan 2026'!$D11,'2026 Time Off Request'!$L:$L,'Jan 2026'!M$6) -> 0 | ... AJ11: =COUNTIFS('2026 Time Off Request'!$A:$A,'Jan 2026'!$D11,'2026 Time Off Request'!$L:$L,'Jan 2026'!AJ$6) -> 0
A12: 5 | B12: LT | C12: Director of IT | D12: Ayoub, Laith | E12: =SUM(F12:AJ12) -> 0 | F12: =COUNTIFS('2026 Time Off Request'!$A:$A,'Jan 2026'!$D12,'2026 Time Off Request'!$L:$L,'Jan 2026'!F$6) -> 0 | G12: =COUNTIFS('2026 Time Off Request'!$A:$A,'Jan 2026'!$D12,'2026 Time Off Request'!$L:$L,'Jan 2026'!G$6) -> 0 | H12: =COUNTIFS('2026 Time Off Request'!$A:$A,'Jan 2026'!$D12,'2026 Time Off Request'!$L:$L,'Jan 2026'!H$6) -> 0 | I12: =COUNTIFS('2026 Time Off Request'!$A:$A,'Jan 2026'!$D12,'2026 Time Off Request'!$L:$L,'Jan 2026'!I$6) -> 0 | J12: =COUNTIFS('2026 Time Off Request'!$A:$A,'Jan 2026'!$D12,'2026 Time Off Request'!$L:$L,'Jan 2026'!J$6) -> 0 | K12: =COUNTIFS('2026 Time Off Request'!$A:$A,'Jan 2026'!$D12,'2026 Time Off Request'!$L:$L,'Jan 2026'!K$6) -> 0 | L12: =COUNTIFS('2026 Time Off Request'!$A:$A,'Jan 2026'!$D12,'2026 Time Off Request'!$L:$L,'Jan 2026'!L$6) -> 0 | M12: =COUNTIFS('2026 Time Off Request'!$A:$A,'Jan 2026'!$D12,'2026 Time Off Request'!$L:$L,'Jan 2026'!M$6) -> 0 | ... AJ12: =COUNTIFS('2026 Time Off Request'!$A:$A,'Jan 2026'!$D12,'2026 Time Off Request'!$L:$L,'Jan 2026'!AJ$6) -> 0
A13: 6 | B13: LT | C13: Chief of Staff | D13: Reid, Jennifer | E13: =SUM(F13:AJ13) -> 0 | F13: =COUNTIFS('2026 Time Off Request'!$A:$A,'Jan 2026'!$D13,'2026 Time Off Request'!$L:$L,'Jan 2026'!F$6) -> 0 | G13: =COUNTIFS('2026 Time Off Request'!$A:$A,'Jan 2026'!$D13,'2026 Time Off Request'!$L:$L,'Jan 2026'!G$6) -> 0 | H13: =COUNTIFS('2026 Time Off Request'!$A:$A,'Jan 2026'!$D13,'2026 Time Off Request'!$L:$L,'Jan 2026'!H$6) -> 0 | I13: =COUNTIFS('2026 Time Off Request'!$A:$A,'Jan 2026'!$D13,'2026 Time Off Request'!$L:$L,'Jan 2026'!I$6) -> 0 | J13: =COUNTIFS('2026 Time Off Request'!$A:$A,'Jan 2026'!$D13,'2026 Time Off Request'!$L:$L,'Jan 2026'!J$6) -> 0 | K13: =COUNTIFS('2026 Time Off Request'!$A:$A,'Jan 2026'!$D13,'2026 Time Off Request'!$L:$L,'Jan 2026'!K$6) -> 0 | L13: =COUNTIFS('2026 Time Off Request'!$A:$A,'Jan 2026'!$D13,'2026 Time Off Request'!$L:$L,'Jan 2026'!L$6) -> 0 | M13: =COUNTIFS('2026 Time Off Request'!$A:$A,'Jan 2026'!$D13,'2026 Time Off Request'!$L:$L,'Jan 2026'!M$6) -> 0 | ... AJ13: =COUNTIFS('2026 Time Off Request'!$A:$A,'Jan 2026'!$D13,'2026 Time Off Request'!$L:$L,'Jan 2026'!AJ$6) -> 0
A14: 7 | B14: RM | C14: Regional Manager | D14: Hellegards, Mandi | E14: =SUM(F14:AJ14) -> 0 | F14: =COUNTIFS('2026 Time Off Request'!$A:$A,'Jan 2026'!$D14,'2026 Time Off Request'!$L:$L,'Jan 2026'!F$6) -> 0 | G14: =COUNTIFS('2026 Time Off Request'!$A:$A,'Jan 2026'!$D14,'2026 Time Off Request'!$L:$L,'Jan 2026'!G$6) -> 0 | H14: =COUNTIFS('2026 Time Off Request'!$A:$A,'Jan 2026'!$D14,'2026 Time Off Request'!$L:$L,'Jan 2026'!H$6) -> 0 | I14: =COUNTIFS('2026 Time Off Request'!$A:$A,'Jan 2026'!$D14,'2026 Time Off Request'!$L:$L,'Jan 2026'!I$6) -> 0 | J14: =COUNTIFS('2026 Time Off Request'!$A:$A,'Jan 2026'!$D14,'2026 Time Off Request'!$L:$L,'Jan 2026'!J$6) -> 0 | K14: =COUNTIFS('2026 Time Off Request'!$A:$A,'Jan 2026'!$D14,'2026 Time Off Request'!$L:$L,'Jan 2026'!K$6) -> 0 | L14: =COUNTIFS('2026 Time Off Request'!$A:$A,'Jan 2026'!$D14,'2026 Time Off Request'!$L:$L,'Jan 2026'!L$6) -> 0 | M14: =COUNTIFS('2026 Time Off Request'!$A:$A,'Jan 2026'!$D14,'2026 Time Off Request'!$L:$L,'Jan 2026'!M$6) -> 0 | ... AJ14: =COUNTIFS('2026 Time Off Request'!$A:$A,'Jan 2026'!$D14,'2026 Time Off Request'!$L:$L,'Jan 2026'!AJ$6) -> 0
A15: 8 | B15: RM | C15: Regional Manager | D15: Olberg, Cheryl | E15: =SUM(F15:AJ15) -> 4 | F15: =COUNTIFS('2026 Time Off Request'!$A:$A,'Jan 2026'!$D15,'2026 Time Off Request'!$L:$L,'Jan 2026'!F$6) -> 0 | G15: =COUNTIFS('2026 Time Off Request'!$A:$A,'Jan 2026'!$D15,'2026 Time Off Request'!$L:$L,'Jan 2026'!G$6) -> 0 | H15: =COUNTIFS('2026 Time Off Request'!$A:$A,'Jan 2026'!$D15,'2026 Time Off Request'!$L:$L,'Jan 2026'!H$6) -> 0 | I15: =COUNTIFS('2026 Time Off Request'!$A:$A,'Jan 2026'!$D15,'2026 Time Off Request'!$L:$L,'Jan 2026'!I$6) -> 0 | J15: =COUNTIFS('2026 Time Off Request'!$A:$A,'Jan 2026'!$D15,'2026 Time Off Request'!$L:$L,'Jan 2026'!J$6) -> 0 | K15: =COUNTIFS('2026 Time Off Request'!$A:$A,'Jan 2026'!$D15,'2026 Time Off Request'!$L:$L,'Jan 2026'!K$6) -> 0 | L15: =COUNTIFS('2026 Time Off Request'!$A:$A,'Jan 2026'!$D15,'2026 Time Off Request'!$L:$L,'Jan 2026'!L$6) -> 0 | M15: =COUNTIFS('2026 Time Off Request'!$A:$A,'Jan 2026'!$D15,'2026 Time Off Request'!$L:$L,'Jan 2026'!M$6) -> 0 | ... AJ15: =COUNTIFS('2026 Time Off Request'!$A:$A,'Jan 2026'!$D15,'2026 Time Off Request'!$L:$L,'Jan 2026'!AJ$6) -> 0
A16: 9 | B16: RM | C16: Regional Manager | D16: Placsko, Jamie | E16: =SUM(F16:AJ16) -> 0 | F16: =COUNTIFS('2026 Time Off Request'!$A:$A,'Jan 2026'!$D16,'2026 Time Off Request'!$L:$L,'Jan 2026'!F$6) -> 0 | G16: =COUNTIFS('2026 Time Off Request'!$A:$A,'Jan 2026'!$D16,'2026 Time Off Request'!$L:$L,'Jan 2026'!G$6) -> 0 | H16: =COUNTIFS('2026 Time Off Request'!$A:$A,'Jan 2026'!$D16,'2026 Time Off Request'!$L:$L,'Jan 2026'!H$6) -> 0 | I16: =COUNTIFS('2026 Time Off Request'!$A:$A,'Jan 2026'!$D16,'2026 Time Off Request'!$L:$L,'Jan 2026'!I$6) -> 0 | J16: =COUNTIFS('2026 Time Off Request'!$A:$A,'Jan 2026'!$D16,'2026 Time Off Request'!$L:$L,'Jan 2026'!J$6) -> 0 | K16: =COUNTIFS('2026 Time Off Request'!$A:$A,'Jan 2026'!$D16,'2026 Time Off Request'!$L:$L,'Jan 2026'!K$6) -> 0 | L16: =COUNTIFS('2026 Time Off Request'!$A:$A,'Jan 2026'!$D16,'2026 Time Off Request'!$L:$L,'Jan 2026'!L$6) -> 0 | M16: =COUNTIFS('2026 Time Off Request'!$A:$A,'Jan 2026'!$D16,'2026 Time Off Request'!$L:$L,'Jan 2026'!M$6) -> 0 | ... AJ16: =COUNTIFS('2026 Time Off Request'!$A:$A,'Jan 2026'!$D16,'2026 Time Off Request'!$L:$L,'Jan 2026'!AJ$6) -> 0
A17: 10 | B17: RM | C17: Regional Manager | D17: Bernard, Jennifer | E17: =SUM(F17:AJ17) -> 0 | F17: =COUNTIFS('2026 Time Off Request'!$A:$A,'Jan 2026'!$D17,'2026 Time Off Request'!$L:$L,'Jan 2026'!F$6) -> 0 | G17: =COUNTIFS('2026 Time Off Request'!$A:$A,'Jan 2026'!$D17,'2026 Time Off Request'!$L:$L,'Jan 2026'!G$6) -> 0 | H17: =COUNTIFS('2026 Time Off Request'!$A:$A,'Jan 2026'!$D17,'2026 Time Off Request'!$L:$L,'Jan 2026'!H$6) -> 0 | I17: =COUNTIFS('2026 Time Off Request'!$A:$A,'Jan 2026'!$D17,'2026 Time Off Request'!$L:$L,'Jan 2026'!I$6) -> 0 | J17: =COUNTIFS('2026 Time Off Request'!$A:$A,'Jan 2026'!$D17,'2026 Time Off Request'!$L:$L,'Jan 2026'!J$6) -> 0 | K17: =COUNTIFS('2026 Time Off Request'!$A:$A,'Jan 2026'!$D17,'2026 Time Off Request'!$L:$L,'Jan 2026'!K$6) -> 0 | L17: =COUNTIFS('2026 Time Off Request'!$A:$A,'Jan 2026'!$D17,'2026 Time Off Request'!$L:$L,'Jan 2026'!L$6) -> 0 | M17: =COUNTIFS('2026 Time Off Request'!$A:$A,'Jan 2026'!$D17,'2026 Time Off Request'!$L:$L,'Jan 2026'!M$6) -> 0 | ... AJ17: =COUNTIFS('2026 Time Off Request'!$A:$A,'Jan 2026'!$D17,'2026 Time Off Request'!$L:$L,'Jan 2026'!AJ$6) -> 0
A18: 11 | B18: RM | C18: Regional Manager | D18: Brijlall, Asha Chetna | E18: =SUM(F18:AJ18) -> 1 | F18: =COUNTIFS('2026 Time Off Request'!$A:$A,'Jan 2026'!$D18,'2026 Time Off Request'!$L:$L,'Jan 2026'!F$6) -> 0 | G18: =COUNTIFS('2026 Time Off Request'!$A:$A,'Jan 2026'!$D18,'2026 Time Off Request'!$L:$L,'Jan 2026'!G$6) -> 1 | H18: =COUNTIFS('2026 Time Off Request'!$A:$A,'Jan 2026'!$D18,'2026 Time Off Request'!$L:$L,'Jan 2026'!H$6) -> 0 | I18: =COUNTIFS('2026 Time Off Request'!$A:$A,'Jan 2026'!$D18,'2026 Time Off Request'!$L:$L,'Jan 2026'!I$6) -> 0 | J18: =COUNTIFS('2026 Time Off Request'!$A:$A,'Jan 2026'!$D18,'2026 Time Off Request'!$L:$L,'Jan 2026'!J$6) -> 0 | K18: =COUNTIFS('2026 Time Off Request'!$A:$A,'Jan 2026'!$D18,'2026 Time Off Request'!$L:$L,'Jan 2026'!K$6) -> 0 | L18: =COUNTIFS('2026 Time Off Request'!$A:$A,'Jan 2026'!$D18,'2026 Time Off Request'!$L:$L,'Jan 2026'!L$6) -> 0 | M18: =COUNTIFS('2026 Time Off Request'!$A:$A,'Jan 2026'!$D18,'2026 Time Off Request'!$L:$L,'Jan 2026'!M$6) -> 0 | ... AJ18: =COUNTIFS('2026 Time Off Request'!$A:$A,'Jan 2026'!$D18,'2026 Time Off Request'!$L:$L,'Jan 2026'!AJ$6) -> 0
A19: 12 | B19: RM | C19: Regional Manager | D19: Harlow, Mark | E19: =SUM(F19:AJ19) -> 1 | F19: =COUNTIFS('2026 Time Off Request'!$A:$A,'Jan 2026'!$D19,'2026 Time Off Request'!$L:$L,'Jan 2026'!F$6) -> 0 | G19: =COUNTIFS('2026 Time Off Request'!$A:$A,'Jan 2026'!$D19,'2026 Time Off Request'!$L:$L,'Jan 2026'!G$6) -> 0 | H19: =COUNTIFS('2026 Time Off Request'!$A:$A,'Jan 2026'!$D19,'2026 Time Off Request'!$L:$L,'Jan 2026'!H$6) -> 0 | I19: =COUNTIFS('2026 Time Off Request'!$A:$A,'Jan 2026'!$D19,'2026 Time Off Request'!$L:$L,'Jan 2026'!I$6) -> 0 | J19: =COUNTIFS('2026 Time Off Request'!$A:$A,'Jan 2026'!$D19,'2026 Time Off Request'!$L:$L,'Jan 2026'!J$6) -> 0 | K19: =COUNTIFS('2026 Time Off Request'!$A:$A,'Jan 2026'!$D19,'2026 Time Off Request'!$L:$L,'Jan 2026'!K$6) -> 0 | L19: =COUNTIFS('2026 Time Off Request'!$A:$A,'Jan 2026'!$D19,'2026 Time Off Request'!$L:$L,'Jan 2026'!L$6) -> 0 | M19: =COUNTIFS('2026 Time Off Request'!$A:$A,'Jan 2026'!$D19,'2026 Time Off Request'!$L:$L,'Jan 2026'!M$6) -> 0 | ... AJ19: =COUNTIFS('2026 Time Off Request'!$A:$A,'Jan 2026'!$D19,'2026 Time Off Request'!$L:$L,'Jan 2026'!AJ$6) -> 0
... A43: 36 | B43: ST | C43: Accounts Payable Admin | D43: Guirguis, George | E43: =SUM(F43:AJ43) -> 0 | F43: =COUNTIFS('2026 Time Off Request'!$A:$A,'Jan 2026'!$D43,'2026 Time Off Request'!$L:$L,'Jan 2026'!F$6) -> 0 | G43: =COUNTIFS('2026 Time Off Request'!$A:$A,'Jan 2026'!$D43,'2026 Time Off Request'!$L:$L,'Jan 2026'!G$6) -> 0 | H43: =COUNTIFS('2026 Time Off Request'!$A:$A,'Jan 2026'!$D43,'2026 Time Off Request'!$L:$L,'Jan 2026'!H$6) -> 0 | I43: =COUNTIFS('2026 Time Off Request'!$A:$A,'Jan 2026'!$D43,'2026 Time Off Request'!$L:$L,'Jan 2026'!I$6) -> 0 | J43: =COUNTIFS('2026 Time Off Request'!$A:$A,'Jan 2026'!$D43,'2026 Time Off Request'!$L:$L,'Jan 2026'!J$6) -> 0 | K43: =COUNTIFS('2026 Time Off Request'!$A:$A,'Jan 2026'!$D43,'2026 Time Off Request'!$L:$L,'Jan 2026'!K$6) -> 0 | L43: =COUNTIFS('2026 Time Off Request'!$A:$A,'Jan 2026'!$D43,'2026 Time Off Request'!$L:$L,'Jan 2026'!L$6) -> 0 | M43: =COUNTIFS('2026 Time Off Request'!$A:$A,'Jan 2026'!$D43,'2026 Time Off Request'!$L:$L,'Jan 2026'!M$6) -> 0 | ... AJ43: =COUNTIFS('2026 Time Off Request'!$A:$A,'Jan 2026'!$D43,'2026 Time Off Request'!$L:$L,'Jan 2026'!AJ$6) -> 0

Sheet Feb 2026
D2: ST Total Workforce | F2: =COUNTA($D$8:$D$52) -> 38 | G2: =COUNTA($D$8:$D$52) -> 38 | H2: =COUNTA($D$8:$D$52) -> 38 | I2: =COUNTA($D$8:$D$52) -> 38 | J2: =COUNTA($D$8:$D$52) -> 38 | K2: =COUNTA($D$8:$D$52) -> 38 | L2: =COUNTA($D$8:$D$52) -> 38 | M2: =COUNTA($D$8:$D$52) -> 38 | ... AG2: =COUNTA($D$8:$D$52) -> 38
D3: ST on Vacation | F3: =SUM(F8:F49) -> 0 | G3: =SUM(G8:G49) -> 0 | H3: =SUM(H8:H49) -> 0 | I3: =SUM(I8:I49) -> 0 | J3: =SUM(J8:J49) -> 0 | K3: =SUM(K8:K49) -> 0 | L3: =SUM(L8:L49) -> 0 | M3: =SUM(M8:M49) -> 0 | ... AG3: =SUM(AG8:AG49) -> 0
D4: ST % Working | F4: =(COUNTA($D$8:$D$49)-F$3)/(COUNTA($D$8:$D$49)) -> 1 | G4: =(COUNTA($D$8:$D$49)-G$3)/(COUNTA($D$8:$D$49)) -> 1 | H4: =(COUNTA($D$8:$D$49)-H$3)/(COUNTA($D$8:$D$49)) -> 1 | I4: =(COUNTA($D$8:$D$49)-I$3)/(COUNTA($D$8:$D$49)) -> 1 | J4: =(COUNTA($D$8:$D$49)-J$3)/(COUNTA($D$8:$D$49)) -> 1 | K4: =(COUNTA($D$8:$D$49)-K$3)/(COUNTA($D$8:$D$49)) -> 1 | L4: =(COUNTA($D$8:$D$49)-L$3)/(COUNTA($D$8:$D$49)) -> 1 | M4: =(COUNTA($D$8:$D$49)-M$3)/(COUNTA($D$8:$D$49)) -> 1 | ... AG4: =(COUNTA($D$8:$D$49)-AG$3)/(COUNTA($D$8:$D$49)) -> 1
B6: Employee Info | E6: Day | F6: 46054 | G6: 46055 | H6: 46056 | I6: 46057 | J6: 46058 | K6: 46059 | L6: 46060 | M6: 46061 | N6: 46062 | O6: 46063 | P6: 46064 | Q6: 46065 | R6: 46066 | S6: 46067 | T6: 46068 | U6: 46069 | V6: 46070 | W6: 46071 | X6: 46072 | Y6: 46073 | Z6: 46074 | AA6: 46075 | AB6: 46076 | AC6: 46077 | AD6: 46078 | AE6: 46079 | AF6: 46080 | AG6: 46081
B7: Dept | C7: Job Title | D7: Name | E7: Month to Date | F7: Sunday | G7: Monday | H7: Tuesday | I7: Wednesday | J7: Thursday | K7: Friday | L7: Saturday | M7: Sunday | N7: Monday | O7: Tuesday | P7: Wednesday | Q7: Thursday | R7: Friday | S7: Saturday | T7: Sunday | U7: Monday | V7: Tuesday | W7: Wednesday | X7: Thursday | Y7: Friday | Z7: Saturday | AA7: Sunday | AB7: Monday | AC7: Tuesday | AD7: Wednesday | AE7: Thursday | AF7: Friday | AG7: Saturday
A8: 1 | B8: LT | C8: CEO | D8: Mazahreh, Said | E8: =SUM(F8:AG8) -> 0 | F8: =COUNTIFS('2026 Time Off Request'!$A:$A,'Feb 2026'!$D8,'2026 Time Off Request'!$L:$L,'Feb 2026'!F$6) -> 0 | G8: =COUNTIFS('2026 Time Off Request'!$A:$A,'Feb 2026'!$D8,'2026 Time Off Request'!$L:$L,'Feb 2026'!G$6) -> 0 | H8: =COUNTIFS('2026 Time Off Request'!$A:$A,'Feb 2026'!$D8,'2026 Time Off Request'!$L:$L,'Feb 2026'!H$6) -> 0 | I8: =COUNTIFS('2026 Time Off Request'!$A:$A,'Feb 2026'!$D8,'2026 Time Off Request'!$L:$L,'Feb 2026'!I$6) -> 0 | J8: =COUNTIFS('2026 Time Off Request'!$A:$A,'Feb 2026'!$D8,'2026 Time Off Request'!$L:$L,'Feb 2026'!J$6) -> 0 | K8: =COUNTIFS('2026 Time Off Request'!$A:$A,'Feb 2026'!$D8,'2026 Time Off Request'!$L:$L,'Feb 2026'!K$6) -> 0 | L8: =COUNTIFS('2026 Time Off Request'!$A:$A,'Feb 2026'!$D8,'2026 Time Off Request'!$L:$L,'Feb 2026'!L$6) -> 0 | M8: =COUNTIFS('2026 Time Off Request'!$A:$A,'Feb 2026'!$D8,'2026 Time Off Request'!$L:$L,'Feb 2026'!M$6) -> 0 | ... AG8: =COUNTIFS('2026 Time Off Request'!$A:$A,'Feb 2026'!$D8,'2026 Time Off Request'!$L:$L,'Feb 2026'!AG$6) -> 0
A9: 2 | B9: LT | C9: Director of Finance | D9: Reid, Laurie | E9: =SUM(F9:AG9) -> 0 | F9: =COUNTIFS('2026 Time Off Request'!$A:$A,'Feb 2026'!$D9,'2026 Time Off Request'!$L:$L,'Feb 2026'!F$6) -> 0 | G9: =COUNTIFS('2026 Time Off Request'!$A:$A,'Feb 2026'!$D9,'2026 Time Off Request'!$L:$L,'Feb 2026'!G$6) -> 0 | H9: =COUNTIFS('2026 Time Off Request'!$A:$A,'Feb 2026'!$D9,'2026 Time Off Request'!$L:$L,'Feb 2026'!H$6) -> 0 | I9: =COUNTIFS('2026 Time Off Request'!$A:$A,'Feb 2026'!$D9,'2026 Time Off Request'!$L:$L,'Feb 2026'!I$6) -> 0 | J9: =COUNTIFS('2026 Time Off Request'!$A:$A,'Feb 2026'!$D9,'2026 Time Off Request'!$L:$L,'Feb 2026'!J$6) -> 0 | K9: =COUNTIFS('2026 Time Off Request'!$A:$A,'Feb 2026'!$D9,'2026 Time Off Request'!$L:$L,'Feb 2026'!K$6) -> 0 | L9: =COUNTIFS('2026 Time Off Request'!$A:$A,'Feb 2026'!$D9,'2026 Time Off Request'!$L:$L,'Feb 2026'!L$6) -> 0 | M9: =COUNTIFS('2026 Time Off Request'!$A:$A,'Feb 2026'!$D9,'2026 Time Off Request'!$L:$L,'Feb 2026'!M$6) -> 0 | ... AG9: =COUNTIFS('2026 Time Off Request'!$A:$A,'Feb 2026'!$D9,'2026 Time Off Request'!$L:$L,'Feb 2026'!AG$6) -> 0
A10: 3 | B10: LT | C10: Director of Business Services | D10: Al Achy, Wissam | E10: =SUM(F10:AG10) -> 0 | F10: =COUNTIFS('2026 Time Off Request'!$A:$A,'Feb 2026'!$D10,'2026 Time Off Request'!$L:$L,'Feb 2026'!F$6) -> 0 | G10: =COUNTIFS('2026 Time Off Request'!$A:$A,'Feb 2026'!$D10,'2026 Time Off Request'!$L:$L,'Feb 2026'!G$6) -> 0 | H10: =COUNTIFS('2026 Time Off Request'!$A:$A,'Feb 2026'!$D10,'2026 Time Off Request'!$L:$L,'Feb 2026'!H$6) -> 0 | I10: =COUNTIFS('2026 Time Off Request'!$A:$A,'Feb 2026'!$D10,'2026 Time Off Request'!$L:$L,'Feb 2026'!I$6) -> 0 | J10: =COUNTIFS('2026 Time Off Request'!$A:$A,'Feb 2026'!$D10,'2026 Time Off Request'!$L:$L,'Feb 2026'!J$6) -> 0 | K10: =COUNTIFS('2026 Time Off Request'!$A:$A,'Feb 2026'!$D10,'2026 Time Off Request'!$L:$L,'Feb 2026'!K$6) -> 0 | L10: =COUNTIFS('2026 Time Off Request'!$A:$A,'Feb 2026'!$D10,'2026 Time Off Request'!$L:$L,'Feb 2026'!L$6) -> 0 | M10: =COUNTIFS('2026 Time Off Request'!$A:$A,'Feb 2026'!$D10,'2026 Time Off Request'!$L:$L,'Feb 2026'!M$6) -> 0 | ... AG10: =COUNTIFS('2026 Time Off Request'!$A:$A,'Feb 2026'!$D10,'2026 Time Off Request'!$L:$L,'Feb 2026'!AG$6) -> 0
A11: 4 | B11: LT | C11: Dentist Relations Manager | D11: Elduweini, Aman | E11: =SUM(F11:AG11) -> 0 | F11: =COUNTIFS('2026 Time Off Request'!$A:$A,'Feb 2026'!$D11,'2026 Time Off Request'!$L:$L,'Feb 2026'!F$6) -> 0 | G11: =COUNTIFS('2026 Time Off Request'!$A:$A,'Feb 2026'!$D11,'2026 Time Off Request'!$L:$L,'Feb 2026'!G$6) -> 0 | H11: =COUNTIFS('2026 Time Off Request'!$A:$A,'Feb 2026'!$D11,'2026 Time Off Request'!$L:$L,'Feb 2026'!H$6) -> 0 | I11: =COUNTIFS('2026 Time Off Request'!$A:$A,'Feb 2026'!$D11,'2026 Time Off Request'!$L:$L,'Feb 2026'!I$6) -> 0 | J11: =COUNTIFS('2026 Time Off Request'!$A:$A,'Feb 2026'!$D11,'2026 Time Off Request'!$L:$L,'Feb 2026'!J$6) -> 0 | K11: =COUNTIFS('2026 Time Off Request'!$A:$A,'Feb 2026'!$D11,'2026 Time Off Request'!$L:$L,'Feb 2026'!K$6) -> 0 | L11: =COUNTIFS('2026 Time Off Request'!$A:$A,'Feb 2026'!$D11,'2026 Time Off Request'!$L:$L,'Feb 2026'!L$6) -> 0 | M11: =COUNTIFS('2026 Time Off Request'!$A:$A,'Feb 2026'!$D11,'2026 Time Off Request'!$L:$L,'Feb 2026'!M$6) -> 0 | ... AG11: =COUNTIFS('2026 Time Off Request'!$A:$A,'Feb 2026'!$D11,'2026 Time Off Request'!$L:$L,'Feb 2026'!AG$6) -> 0
A12: 5 | B12: LT | C12: Director of IT | D12: Ayoub, Laith | E12: =SUM(F12:AG12) -> 0 | F12: =COUNTIFS('2026 Time Off Request'!$A:$A,'Feb 2026'!$D12,'2026 Time Off Request'!$L:$L,'Feb 2026'!F$6) -> 0 | G12: =COUNTIFS('2026 Time Off Request'!$A:$A,'Feb 2026'!$D12,'2026 Time Off Request'!$L:$L,'Feb 2026'!G$6) -> 0 | H12: =COUNTIFS('2026 Time Off Request'!$A:$A,'Feb 2026'!$D12,'2026 Time Off Request'!$L:$L,'Feb 2026'!H$6) -> 0 | I12: =COUNTIFS('2026 Time Off Request'!$A:$A,'Feb 2026'!$D12,'2026 Time Off Request'!$L:$L,'Feb 2026'!I$6) -> 0 | J12: =COUNTIFS('2026 Time Off Request'!$A:$A,'Feb 2026'!$D12,'2026 Time Off Request'!$L:$L,'Feb 2026'!J$6) -> 0 | K12: =COUNTIFS('2026 Time Off Request'!$A:$A,'Feb 2026'!$D12,'2026 Time Off Request'!$L:$L,'Feb 2026'!K$6) -> 0 | L12: =COUNTIFS('2026 Time Off Request'!$A:$A,'Feb 2026'!$D12,'2026 Time Off Request'!$L:$L,'Feb 2026'!L$6) -> 0 | M12: =COUNTIFS('2026 Time Off Request'!$A:$A,'Feb 2026'!$D12,'2026 Time Off Request'!$L:$L,'Feb 2026'!M$6) -> 0 | ... AG12: =COUNTIFS('2026 Time Off Request'!$A:$A,'Feb 2026'!$D12,'2026 Time Off Request'!$L:$L,'Feb 2026'!AG$6) -> 0
A13: 6 | B13: RM | C13: Regional Manager | D13: Hellegards, Mandi | E13: =SUM(F13:AG13) -> 0 | F13: =COUNTIFS('2026 Time Off Request'!$A:$A,'Feb 2026'!$D13,'2026 Time Off Request'!$L:$L,'Feb 2026'!F$6) -> 0 | G13: =COUNTIFS('2026 Time Off Request'!$A:$A,'Feb 2026'!$D13,'2026 Time Off Request'!$L:$L,'Feb 2026'!G$6) -> 0 | H13: =COUNTIFS('2026 Time Off Request'!$A:$A,'Feb 2026'!$D13,'2026 Time Off Request'!$L:$L,'Feb 2026'!H$6) -> 0 | I13: =COUNTIFS('2026 Time Off Request'!$A:$A,'Feb 2026'!$D13,'2026 Time Off Request'!$L:$L,'Feb 2026'!I$6) -> 0 | J13: =COUNTIFS('2026 Time Off Request'!$A:$A,'Feb 2026'!$D13,'2026 Time Off Request'!$L:$L,'Feb 2026'!J$6) -> 0 | K13: =COUNTIFS('2026 Time Off Request'!$A:$A,'Feb 2026'!$D13,'2026 Time Off Request'!$L:$L,'Feb 2026'!K$6) -> 0 | L13: =COUNTIFS('2026 Time Off Request'!$A:$A,'Feb 2026'!$D13,'2026 Time Off Request'!$L:$L,'Feb 2026'!L$6) -> 0 | M13: =COUNTIFS('2026 Time Off Request'!$A:$A,'Feb 2026'!$D13,'2026 Time Off Request'!$L:$L,'Feb 2026'!M$6) -> 0 | ... AG13: =COUNTIFS('2026 Time Off Request'!$A:$A,'Feb 2026'!$D13,'2026 Time Off Request'!$L:$L,'Feb 2026'!AG$6) -> 0
A14: 7 | B14: RM | C14: Regional Manager | D14: Olberg, Cheryl | E14: =SUM(F14:AG14) -> 0 | F14: =COUNTIFS('2026 Time Off Request'!$A:$A,'Feb 2026'!$D14,'2026 Time Off Request'!$L:$L,'Feb 2026'!F$6) -> 0 | G14: =COUNTIFS('2026 Time Off Request'!$A:$A,'Feb 2026'!$D14,'2026 Time Off Request'!$L:$L,'Feb 2026'!G$6) -> 0 | H14: =COUNTIFS('2026 Time Off Request'!$A:$A,'Feb 2026'!$D14,'2026 Time Off Request'!$L:$L,'Feb 2026'!H$6) -> 0 | I14: =COUNTIFS('2026 Time Off Request'!$A:$A,'Feb 2026'!$D14,'2026 Time Off Request'!$L:$L,'Feb 2026'!I$6) -> 0 | J14: =COUNTIFS('2026 Time Off Request'!$A:$A,'Feb 2026'!$D14,'2026 Time Off Request'!$L:$L,'Feb 2026'!J$6) -> 0 | K14: =COUNTIFS('2026 Time Off Request'!$A:$A,'Feb 2026'!$D14,'2026 Time Off Request'!$L:$L,'Feb 2026'!K$6) -> 0 | L14: =COUNTIFS('2026 Time Off Request'!$A:$A,'Feb 2026'!$D14,'2026 Time Off Request'!$L:$L,'Feb 2026'!L$6) -> 0 | M14: =COUNTIFS('2026 Time Off Request'!$A:$A,'Feb 2026'!$D14,'2026 Time Off Request'!$L:$L,'Feb 2026'!M$6) -> 0 | ... AG14: =COUNTIFS('2026 Time Off Request'!$A:$A,'Feb 2026'!$D14,'2026 Time Off Request'!$L:$L,'Feb 2026'!AG$6) -> 0
A15: 8 | B15: RM | C15: Regional Manager | D15: Placsko, Jamie | E15: =SUM(F15:AG15) -> 6 | F15: =COUNTIFS('2026 Time Off Request'!$A:$A,'Feb 2026'!$D15,'2026 Time Off Request'!$L:$L,'Feb 2026'!F$6) -> 0 | G15: =COUNTIFS('2026 Time Off Request'!$A:$A,'Feb 2026'!$D15,'2026 Time Off Request'!$L:$L,'Feb 2026'!G$6) -> 0 | H15: =COUNTIFS('2026 Time Off Request'!$A:$A,'Feb 2026'!$D15,'2026 Time Off Request'!$L:$L,'Feb 2026'!H$6) -> 0 | I15: =COUNTIFS('2026 Time Off Request'!$A:$A,'Feb 2026'!$D15,'2026 Time Off Request'!$L:$L,'Feb 2026'!I$6) -> 0 | J15: =COUNTIFS('2026 Time Off Request'!$A:$A,'Feb 2026'!$D15,'2026 Time Off Request'!$L:$L,'Feb 2026'!J$6) -> 0 | K15: =COUNTIFS('2026 Time Off Request'!$A:$A,'Feb 2026'!$D15,'2026 Time Off Request'!$L:$L,'Feb 2026'!K$6) -> 0 | L15: =COUNTIFS('2026 Time Off Request'!$A:$A,'Feb 2026'!$D15,'2026 Time Off Request'!$L:$L,'Feb 2026'!L$6) -> 0 | M15: =COUNTIFS('2026 Time Off Request'!$A:$A,'Feb 2026'!$D15,'2026 Time Off Request'!$L:$L,'Feb 2026'!M$6) -> 0 | ... AG15: =COUNTIFS('2026 Time Off Request'!$A:$A,'Feb 2026'!$D15,'2026 Time Off Request'!$L:$L,'Feb 2026'!AG$6) -> 0
A16: 9 | B16: RM | C16: Regional Manager | D16: Bernard, Jennifer | E16: =SUM(F16:AG16) -> 0 | F16: =COUNTIFS('2026 Time Off Request'!$A:$A,'Feb 2026'!$D16,'2026 Time Off Request'!$L:$L,'Feb 2026'!F$6) -> 0 | G16: =COUNTIFS('2026 Time Off Request'!$A:$A,'Feb 2026'!$D16,'2026 Time Off Request'!$L:$L,'Feb 2026'!G$6) -> 0 | H16: =COUNTIFS('2026 Time Off Request'!$A:$A,'Feb 2026'!$D16,'2026 Time Off Request'!$L:$L,'Feb 2026'!H$6) -> 0 | I16: =COUNTIFS('2026 Time Off Request'!$A:$A,'Feb 2026'!$D16,'2026 Time Off Request'!$L:$L,'Feb 2026'!I$6) -> 0 | J16: =COUNTIFS('2026 Time Off Request'!$A:$A,'Feb 2026'!$D16,'2026 Time Off Request'!$L:$L,'Feb 2026'!J$6) -> 0 | K16: =COUNTIFS('2026 Time Off Request'!$A:$A,'Feb 2026'!$D16,'2026 Time Off Request'!$L:$L,'Feb 2026'!K$6) -> 0 | L16: =COUNTIFS('2026 Time Off Request'!$A:$A,'Feb 2026'!$D16,'2026 Time Off Request'!$L:$L,'Feb 2026'!L$6) -> 0 | M16: =COUNTIFS('2026 Time Off Request'!$A:$A,'Feb 2026'!$D16,'2026 Time Off Request'!$L:$L,'Feb 2026'!M$6) -> 0 | ... AG16: =COUNTIFS('2026 Time Off Request'!$A:$A,'Feb 2026'!$D16,'2026 Time Off Request'!$L:$L,'Feb 2026'!AG$6) -> 0
A17: 10 | B17: RM | C17: Regional Manager | D17: Brijlall, Asha Chetna | E17: =SUM(F17:AG17) -> 0 | F17: =COUNTIFS('2026 Time Off Request'!$A:$A,'Feb 2026'!$D17,'2026 Time Off Request'!$L:$L,'Feb 2026'!F$6) -> 0 | G17: =COUNTIFS('2026 Time Off Request'!$A:$A,'Feb 2026'!$D17,'2026 Time Off Request'!$L:$L,'Feb 2026'!G$6) -> 0 | H17: =COUNTIFS('2026 Time Off Request'!$A:$A,'Feb 2026'!$D17,'2026 Time Off Request'!$L:$L,'Feb 2026'!H$6) -> 0 | I17: =COUNTIFS('2026 Time Off Request'!$A:$A,'Feb 2026'!$D17,'2026 Time Off Request'!$L:$L,'Feb 2026'!I$6) -> 0 | J17: =COUNTIFS('2026 Time Off Request'!$A:$A,'Feb 2026'!$D17,'2026 Time Off Request'!$L:$L,'Feb 2026'!J$6) -> 0 | K17: =COUNTIFS('2026 Time Off Request'!$A:$A,'Feb 2026'!$D17,'2026 Time Off Request'!$L:$L,'Feb 2026'!K$6) -> 0 | L17: =COUNTIFS('2026 Time Off Request'!$A:$A,'Feb 2026'!$D17,'2026 Time Off Request'!$L:$L,'Feb 2026'!L$6) -> 0 | M17: =COUNTIFS('2026 Time Off Request'!$A:$A,'Feb 2026'!$D17,'2026 Time Off Request'!$L:$L,'Feb 2026'!M$6) -> 0 | ... AG17: =COUNTIFS('2026 Time Off Request'!$A:$A,'Feb 2026'!$D17,'2026 Time Off Request'!$L:$L,'Feb 2026'!AG$6) -> 0
A18: 11 | B18: RM | C18: Regional Manager | D18: Harlow, Mark | E18: =SUM(F18:AG18) -> 2 | F18: =COUNTIFS('2026 Time Off Request'!$A:$A,'Feb 2026'!$D18,'2026 Time Off Request'!$L:$L,'Feb 2026'!F$6) -> 0 | G18: =COUNTIFS('2026 Time Off Request'!$A:$A,'Feb 2026'!$D18,'2026 Time Off Request'!$L:$L,'Feb 2026'!G$6) -> 0 | H18: =COUNTIFS('2026 Time Off Request'!$A:$A,'Feb 2026'!$D18,'2026 Time Off Request'!$L:$L,'Feb 2026'!H$6) -> 0 | I18: =COUNTIFS('2026 Time Off Request'!$A:$A,'Feb 2026'!$D18,'2026 Time Off Request'!$L:$L,'Feb 2026'!I$6) -> 0 | J18: =COUNTIFS('2026 Time Off Request'!$A:$A,'Feb 2026'!$D18,'2026 Time Off Request'!$L:$L,'Feb 2026'!J$6) -> 0 | K18: =COUNTIFS('2026 Time Off Request'!$A:$A,'Feb 2026'!$D18,'2026 Time Off Request'!$L:$L,'Feb 2026'!K$6) -> 0 | L18: =COUNTIFS('2026 Time Off Request'!$A:$A,'Feb 2026'!$D18,'2026 Time Off Request'!$L:$L,'Feb 2026'!L$6) -> 0 | M18: =COUNTIFS('2026 Time Off Request'!$A:$A,'Feb 2026'!$D18,'2026 Time Off Request'!$L:$L,'Feb 2026'!M$6) -> 0 | ... AG18: =COUNTIFS('2026 Time Off Request'!$A:$A,'Feb 2026'!$D18,'2026 Time Off Request'!$L:$L,'Feb 2026'!AG$6) -> 0
A19: 12 | B19: RM | C19: Regional Manager | D19: Ciccone, Shelley | E19: =SUM(F19:AG19) -> 0 | F19: =COUNTIFS('2026 Time Off Request'!$A:$A,'Feb 2026'!$D19,'2026 Time Off Request'!$L:$L,'Feb 2026'!F$6) -> 0 | G19: =COUNTIFS('2026 Time Off Request'!$A:$A,'Feb 2026'!$D19,'2026 Time Off Request'!$L:$L,'Feb 2026'!G$6) -> 0 | H19: =COUNTIFS('2026 Time Off Request'!$A:$A,'Feb 2026'!$D19,'2026 Time Off Request'!$L:$L,'Feb 2026'!H$6) -> 0 | I19: =COUNTIFS('2026 Time Off Request'!$A:$A,'Feb 2026'!$D19,'2026 Time Off Request'!$L:$L,'Feb 2026'!I$6) -> 0 | J19: =COUNTIFS('2026 Time Off Request'!$A:$A,'Feb 2026'!$D19,'2026 Time Off Request'!$L:$L,'Feb 2026'!J$6) -> 0 | K19: =COUNTIFS('2026 Time Off Request'!$A:$A,'Feb 2026'!$D19,'2026 Time Off Request'!$L:$L,'Feb 2026'!K$6) -> 0 | L19: =COUNTIFS('2026 Time Off Request'!$A:$A,'Feb 2026'!$D19,'2026 Time Off Request'!$L:$L,'Feb 2026'!L$6) -> 0 | M19: =COUNTIFS('2026 Time Off Request'!$A:$A,'Feb 2026'!$D19,'2026 Time Off Request'!$L:$L,'Feb 2026'!M$6) -> 0 | ... AG19: =COUNTIFS('2026 Time Off Request'!$A:$A,'Feb 2026'!$D19,'2026 Time Off Request'!$L:$L,'Feb 2026'!AG$6) -> 0
... A45: 38 | B45: ST | C45: Accounts Payable Admin | D45: Guirguis, George | E45: =SUM(F45:AG45) -> 0 | F45: =COUNTIFS('2026 Time Off Request'!$A:$A,'Feb 2026'!$D45,'2026 Time Off Request'!$L:$L,'Feb 2026'!F$6) -> 0 | G45: =COUNTIFS('2026 Time Off Request'!$A:$A,'Feb 2026'!$D45,'2026 Time Off Request'!$L:$L,'Feb 2026'!G$6) -> 0 | H45: =COUNTIFS('2026 Time Off Request'!$A:$A,'Feb 2026'!$D45,'2026 Time Off Request'!$L:$L,'Feb 2026'!H$6) -> 0 | I45: =COUNTIFS('2026 Time Off Request'!$A:$A,'Feb 2026'!$D45,'2026 Time Off Request'!$L:$L,'Feb 2026'!I$6) -> 0 | J45: =COUNTIFS('2026 Time Off Request'!$A:$A,'Feb 2026'!$D45,'2026 Time Off Request'!$L:$L,'Feb 2026'!J$6) -> 0 | K45: =COUNTIFS('2026 Time Off Request'!$A:$A,'Feb 2026'!$D45,'2026 Time Off Request'!$L:$L,'Feb 2026'!K$6) -> 0 | L45: =COUNTIFS('2026 Time Off Request'!$A:$A,'Feb 2026'!$D45,'2026 Time Off Request'!$L:$L,'Feb 2026'!L$6) -> 0 | M45: =COUNTIFS('2026 Time Off Request'!$A:$A,'Feb 2026'!$D45,'2026 Time Off Request'!$L:$L,'Feb 2026'!M$6) -> 0 | ... AG45: =COUNTIFS('2026 Time Off Request'!$A:$A,'Feb 2026'!$D45,'2026 Time Off Request'!$L:$L,'Feb 2026'!AG$6) -> 0

Sheet Mar 2026
D2: ST Total Workforce | F2: =COUNTA($D$8:$D$52) -> 38 | G2: =COUNTA($D$8:$D$52) -> 38 | H2: =COUNTA($D$8:$D$52) -> 38 | I2: =COUNTA($D$8:$D$52) -> 38 | J2: =COUNTA($D$8:$D$52) -> 38 | K2: =COUNTA($D$8:$D$52) -> 38 | L2: =COUNTA($D$8:$D$52) -> 38 | M2: =COUNTA($D$8:$D$52) -> 38 | ... AJ2: =COUNTA($D$8:$D$52) -> 38
D3: ST on Vacation | F3: =SUM(F8:F49) -> 0 | G3: =SUM(G8:G49) -> 1 | H3: =SUM(H8:H49) -> 0 | I3: =SUM(I8:I49) -> 0 | J3: =SUM(J8:J49) -> 0 | K3: =SUM(K8:K49) -> 1 | L3: =SUM(L8:L49) -> 0 | M3: =SUM(M8:M49) -> 0 | ... AJ3: =SUM(AJ8:AJ49) -> 0
D4: ST % Working | F4: =(COUNTA($D$8:$D$49)-F$3)/(COUNTA($D$8:$D$49)) -> 1 | G4: =(COUNTA($D$8:$D$49)-G$3)/(COUNTA($D$8:$D$49)) -> 0.97368421 | H4: =(COUNTA($D$8:$D$49)-H$3)/(COUNTA($D$8:$D$49)) -> 1 | I4: =(COUNTA($D$8:$D$49)-I$3)/(COUNTA($D$8:$D$49)) -> 1 | J4: =(COUNTA($D$8:$D$49)-J$3)/(COUNTA($D$8:$D$49)) -> 1 | K4: =(COUNTA($D$8:$D$49)-K$3)/(COUNTA($D$8:$D$49)) -> 0.97368421 | L4: =(COUNTA($D$8:$D$49)-L$3)/(COUNTA($D$8:$D$49)) -> 1 | M4: =(COUNTA($D$8:$D$49)-M$3)/(COUNTA($D$8:$D$49)) -> 1 | ... AJ4: =(COUNTA($D$8:$D$49)-AJ$3)/(COUNTA($D$8:$D$49)) -> 1
B6: Employee Info | E6: Day | F6: 46082 | G6: 46083 | H6: 46084 | I6: 46085 | J6: 46086 | K6: 46087 | L6: 46088 | M6: 46089 | N6: 46090 | O6: 46091 | P6: 46092 | Q6: 46093 | R6: 46094 | S6: 46095 | T6: 46096 | U6: 46097 | V6: 46098 | W6: 46099 | X6: 46100 | Y6: 46101 | Z6: 46102 | AA6: 46103 | AB6: 46104 | AC6: 46105 | AD6: 46106 | AE6: 46107 | AF6: 46108 | AG6: 46109 | AH6: 46110 | AI6: 46111 | AJ6: 46112
B7: Dept | C7: Job Title | D7: Name | E7: Month to Date | F7: Sunday | G7: Monday | H7: Tuesday | I7: Wednesday | J7: Thursday | K7: Friday | L7: Saturday | M7: Sunday | N7: Monday | O7: Tuesday | P7: Wednesday | Q7: Thursday | R7: Friday | S7: Saturday | T7: Sunday | U7: Monday | V7: Tuesday | W7: Wednesday | X7: Thursday | Y7: Friday | Z7: Saturday | AA7: Sunday | AB7: Monday | AC7: Tuesday | AD7: Wednesday | AE7: Thursday | AF7: Friday | AG7: Saturday | AH7: Sunday | AI7: Monday | AJ7: Tuesday
A8: 1 | B8: LT | C8: CEO | D8: Mazahreh, Said | E8: =SUM(F8:AJ8) -> 0 | F8: =COUNTIFS('2026 Time Off Request'!$A:$A,'Mar 2026'!$D8,'2026 Time Off Request'!$L:$L,'Mar 2026'!F$6) -> 0 | G8: =COUNTIFS('2026 Time Off Request'!$A:$A,'Mar 2026'!$D8,'2026 Time Off Request'!$L:$L,'Mar 2026'!G$6) -> 0 | H8: =COUNTIFS('2026 Time Off Request'!$A:$A,'Mar 2026'!$D8,'2026 Time Off Request'!$L:$L,'Mar 2026'!H$6) -> 0 | I8: =COUNTIFS('2026 Time Off Request'!$A:$A,'Mar 2026'!$D8,'2026 Time Off Request'!$L:$L,'Mar 2026'!I$6) -> 0 | J8: =COUNTIFS('2026 Time Off Request'!$A:$A,'Mar 2026'!$D8,'2026 Time Off Request'!$L:$L,'Mar 2026'!J$6) -> 0 | K8: =COUNTIFS('2026 Time Off Request'!$A:$A,'Mar 2026'!$D8,'2026 Time Off Request'!$L:$L,'Mar 2026'!K$6) -> 0 | L8: =COUNTIFS('2026 Time Off Request'!$A:$A,'Mar 2026'!$D8,'2026 Time Off Request'!$L:$L,'Mar 2026'!L$6) -> 0 | M8: =COUNTIFS('2026 Time Off Request'!$A:$A,'Mar 2026'!$D8,'2026 Time Off Request'!$L:$L,'Mar 2026'!M$6) -> 0 | ... AJ8: =COUNTIFS('2026 Time Off Request'!$A:$A,'Mar 2026'!$D8,'2026 Time Off Request'!$L:$L,'Mar 2026'!AJ$6) -> 0
A9: 2 | B9: LT | C9: Director of Finance | D9: Reid, Laurie | E9: =SUM(F9:AJ9) -> 0 | F9: =COUNTIFS('2026 Time Off Request'!$A:$A,'Mar 2026'!$D9,'2026 Time Off Request'!$L:$L,'Mar 2026'!F$6) -> 0 | G9: =COUNTIFS('2026 Time Off Request'!$A:$A,'Mar 2026'!$D9,'2026 Time Off Request'!$L:$L,'Mar 2026'!G$6) -> 0 | H9: =COUNTIFS('2026 Time Off Request'!$A:$A,'Mar 2026'!$D9,'2026 Time Off Request'!$L:$L,'Mar 2026'!H$6) -> 0 | I9: =COUNTIFS('2026 Time Off Request'!$A:$A,'Mar 2026'!$D9,'2026 Time Off Request'!$L:$L,'Mar 2026'!I$6) -> 0 | J9: =COUNTIFS('2026 Time Off Request'!$A:$A,'Mar 2026'!$D9,'2026 Time Off Request'!$L:$L,'Mar 2026'!J$6) -> 0 | K9: =COUNTIFS('2026 Time Off Request'!$A:$A,'Mar 2026'!$D9,'2026 Time Off Request'!$L:$L,'Mar 2026'!K$6) -> 0 | L9: =COUNTIFS('2026 Time Off Request'!$A:$A,'Mar 2026'!$D9,'2026 Time Off Request'!$L:$L,'Mar 2026'!L$6) -> 0 | M9: =COUNTIFS('2026 Time Off Request'!$A:$A,'Mar 2026'!$D9,'2026 Time Off Request'!$L:$L,'Mar 2026'!M$6) -> 0 | ... AJ9: =COUNTIFS('2026 Time Off Request'!$A:$A,'Mar 2026'!$D9,'2026 Time Off Request'!$L:$L,'Mar 2026'!AJ$6) -> 0
A10: 3 | B10: LT | C10: Director of Business Services | D10: Al Achy, Wissam | E10: =SUM(F10:AJ10) -> 0 | F10: =COUNTIFS('2026 Time Off Request'!$A:$A,'Mar 2026'!$D10,'2026 Time Off Request'!$L:$L,'Mar 2026'!F$6) -> 0 | G10: =COUNTIFS('2026 Time Off Request'!$A:$A,'Mar 2026'!$D10,'2026 Time Off Request'!$L:$L,'Mar 2026'!G$6) -> 0 | H10: =COUNTIFS('2026 Time Off Request'!$A:$A,'Mar 2026'!$D10,'2026 Time Off Request'!$L:$L,'Mar 2026'!H$6) -> 0 | I10: =COUNTIFS('2026 Time Off Request'!$A:$A,'Mar 2026'!$D10,'2026 Time Off Request'!$L:$L,'Mar 2026'!I$6) -> 0 | J10: =COUNTIFS('2026 Time Off Request'!$A:$A,'Mar 2026'!$D10,'2026 Time Off Request'!$L:$L,'Mar 2026'!J$6) -> 0 | K10: =COUNTIFS('2026 Time Off Request'!$A:$A,'Mar 2026'!$D10,'2026 Time Off Request'!$L:$L,'Mar 2026'!K$6) -> 0 | L10: =COUNTIFS('2026 Time Off Request'!$A:$A,'Mar 2026'!$D10,'2026 Time Off Request'!$L:$L,'Mar 2026'!L$6) -> 0 | M10: =COUNTIFS('2026 Time Off Request'!$A:$A,'Mar 2026'!$D10,'2026 Time Off Request'!$L:$L,'Mar 2026'!M$6) -> 0 | ... AJ10: =COUNTIFS('2026 Time Off Request'!$A:$A,'Mar 2026'!$D10,'2026 Time Off Request'!$L:$L,'Mar 2026'!AJ$6) -> 0
A11: 4 | B11: LT | C11: Dentist Relations Manager | D11: Elduweini, Aman | E11: =SUM(F11:AJ11) -> 0 | F11: =COUNTIFS('2026 Time Off Request'!$A:$A,'Mar 2026'!$D11,'2026 Time Off Request'!$L:$L,'Mar 2026'!F$6) -> 0 | G11: =COUNTIFS('2026 Time Off Request'!$A:$A,'Mar 2026'!$D11,'2026 Time Off Request'!$L:$L,'Mar 2026'!G$6) -> 0 | H11: =COUNTIFS('2026 Time Off Request'!$A:$A,'Mar 2026'!$D11,'2026 Time Off Request'!$L:$L,'Mar 2026'!H$6) -> 0 | I11: =COUNTIFS('2026 Time Off Request'!$A:$A,'Mar 2026'!$D11,'2026 Time Off Request'!$L:$L,'Mar 2026'!I$6) -> 0 | J11: =COUNTIFS('2026 Time Off Request'!$A:$A,'Mar 2026'!$D11,'2026 Time Off Request'!$L:$L,'Mar 2026'!J$6) -> 0 | K11: =COUNTIFS('2026 Time Off Request'!$A:$A,'Mar 2026'!$D11,'2026 Time Off Request'!$L:$L,'Mar 2026'!K$6) -> 0 | L11: =COUNTIFS('2026 Time Off Request'!$A:$A,'Mar 2026'!$D11,'2026 Time Off Request'!$L:$L,'Mar 2026'!L$6) -> 0 | M11: =COUNTIFS('2026 Time Off Request'!$A:$A,'Mar 2026'!$D11,'2026 Time Off Request'!$L:$L,'Mar 2026'!M$6) -> 0 | ... AJ11: =COUNTIFS('2026 Time Off Request'!$A:$A,'Mar 2026'!$D11,'2026 Time Off Request'!$L:$L,'Mar 2026'!AJ$6) -> 0
A12: 5 | B12: LT | C12: Director of IT | D12: Ayoub, Laith | E12: =SUM(F12:AJ12) -> 4 | F12: =COUNTIFS('2026 Time Off Request'!$A:$A,'Mar 2026'!$D12,'2026 Time Off Request'!$L:$L,'Mar 2026'!F$6) -> 0 | G12: =COUNTIFS('2026 Time Off Request'!$A:$A,'Mar 2026'!$D12,'2026 Time Off Request'!$L:$L,'Mar 2026'!G$6) -> 0 | H12: =COUNTIFS('2026 Time Off Request'!$A:$A,'Mar 2026'!$D12,'2026 Time Off Request'!$L:$L,'Mar 2026'!H$6) -> 0 | I12: =COUNTIFS('2026 Time Off Request'!$A:$A,'Mar 2026'!$D12,'2026 Time Off Request'!$L:$L,'Mar 2026'!I$6) -> 0 | J12: =COUNTIFS('2026 Time Off Request'!$A:$A,'Mar 2026'!$D12,'2026 Time Off Request'!$L:$L,'Mar 2026'!J$6) -> 0 | K12: =COUNTIFS('2026 Time Off Request'!$A:$A,'Mar 2026'!$D12,'2026 Time Off Request'!$L:$L,'Mar 2026'!K$6) -> 0 | L12: =COUNTIFS('2026 Time Off Request'!$A:$A,'Mar 2026'!$D12,'2026 Time Off Request'!$L:$L,'Mar 2026'!L$6) -> 0 | M12: =COUNTIFS('2026 Time Off Request'!$A:$A,'Mar 2026'!$D12,'2026 Time Off Request'!$L:$L,'Mar 2026'!M$6) -> 0 | ... AJ12: =COUNTIFS('2026 Time Off Request'!$A:$A,'Mar 2026'!$D12,'2026 Time Off Request'!$L:$L,'Mar 2026'!AJ$6) -> 0
A13: 7 | B13: RM | C13: Regional Manager | D13: Hellegards, Mandi | E13: =SUM(F13:AJ13) -> 0 | F13: =COUNTIFS('2026 Time Off Request'!$A:$A,'Mar 2026'!$D13,'2026 Time Off Request'!$L:$L,'Mar 2026'!F$6) -> 0 | G13: =COUNTIFS('2026 Time Off Request'!$A:$A,'Mar 2026'!$D13,'2026 Time Off Request'!$L:$L,'Mar 2026'!G$6) -> 0 | H13: =COUNTIFS('2026 Time Off Request'!$A:$A,'Mar 2026'!$D13,'2026 Time Off Request'!$L:$L,'Mar 2026'!H$6) -> 0 | I13: =COUNTIFS('2026 Time Off Request'!$A:$A,'Mar 2026'!$D13,'2026 Time Off Request'!$L:$L,'Mar 2026'!I$6) -> 0 | J13: =COUNTIFS('2026 Time Off Request'!$A:$A,'Mar 2026'!$D13,'2026 Time Off Request'!$L:$L,'Mar 2026'!J$6) -> 0 | K13: =COUNTIFS('2026 Time Off Request'!$A:$A,'Mar 2026'!$D13,'2026 Time Off Request'!$L:$L,'Mar 2026'!K$6) -> 0 | L13: =COUNTIFS('2026 Time Off Request'!$A:$A,'Mar 2026'!$D13,'2026 Time Off Request'!$L:$L,'Mar 2026'!L$6) -> 0 | M13: =COUNTIFS('2026 Time Off Request'!$A:$A,'Mar 2026'!$D13,'2026 Time Off Request'!$L:$L,'Mar 2026'!M$6) -> 0 | ... AJ13: =COUNTIFS('2026 Time Off Request'!$A:$A,'Mar 2026'!$D13,'2026 Time Off Request'!$L:$L,'Mar 2026'!AJ$6) -> 0
A14: 8 | B14: RM | C14: Regional Manager | D14: Olberg, Cheryl | E14: =SUM(F14:AJ14) -> 0 | F14: =COUNTIFS('2026 Time Off Request'!$A:$A,'Mar 2026'!$D14,'2026 Time Off Request'!$L:$L,'Mar 2026'!F$6) -> 0 | G14: =COUNTIFS('2026 Time Off Request'!$A:$A,'Mar 2026'!$D14,'2026 Time Off Request'!$L:$L,'Mar 2026'!G$6) -> 0 | H14: =COUNTIFS('2026 Time Off Request'!$A:$A,'Mar 2026'!$D14,'2026 Time Off Request'!$L:$L,'Mar 2026'!H$6) -> 0 | I14: =COUNTIFS('2026 Time Off Request'!$A:$A,'Mar 2026'!$D14,'2026 Time Off Request'!$L:$L,'Mar 2026'!I$6) -> 0 | J14: =COUNTIFS('2026 Time Off Request'!$A:$A,'Mar 2026'!$D14,'2026 Time Off Request'!$L:$L,'Mar 2026'!J$6) -> 0 | K14: =COUNTIFS('2026 Time Off Request'!$A:$A,'Mar 2026'!$D14,'2026 Time Off Request'!$L:$L,'Mar 2026'!K$6) -> 0 | L14: =COUNTIFS('2026 Time Off Request'!$A:$A,'Mar 2026'!$D14,'2026 Time Off Request'!$L:$L,'Mar 2026'!L$6) -> 0 | M14: =COUNTIFS('2026 Time Off Request'!$A:$A,'Mar 2026'!$D14,'2026 Time Off Request'!$L:$L,'Mar 2026'!M$6) -> 0 | ... AJ14: =COUNTIFS('2026 Time Off Request'!$A:$A,'Mar 2026'!$D14,'2026 Time Off Request'!$L:$L,'Mar 2026'!AJ$6) -> 0
A15: 9 | B15: RM | C15: Regional Manager | D15: Placsko, Jamie | E15: =SUM(F15:AJ15) -> 10 | F15: =COUNTIFS('2026 Time Off Request'!$A:$A,'Mar 2026'!$D15,'2026 Time Off Request'!$L:$L,'Mar 2026'!F$6) -> 0 | G15: =COUNTIFS('2026 Time Off Request'!$A:$A,'Mar 2026'!$D15,'2026 Time Off Request'!$L:$L,'Mar 2026'!G$6) -> 0 | H15: =COUNTIFS('2026 Time Off Request'!$A:$A,'Mar 2026'!$D15,'2026 Time Off Request'!$L:$L,'Mar 2026'!H$6) -> 0 | I15: =COUNTIFS('2026 Time Off Request'!$A:$A,'Mar 2026'!$D15,'2026 Time Off Request'!$L:$L,'Mar 2026'!I$6) -> 0 | J15: =COUNTIFS('2026 Time Off Request'!$A:$A,'Mar 2026'!$D15,'2026 Time Off Request'!$L:$L,'Mar 2026'!J$6) -> 0 | K15: =COUNTIFS('2026 Time Off Request'!$A:$A,'Mar 2026'!$D15,'2026 Time Off Request'!$L:$L,'Mar 2026'!K$6) -> 0 | L15: =COUNTIFS('2026 Time Off Request'!$A:$A,'Mar 2026'!$D15,'2026 Time Off Request'!$L:$L,'Mar 2026'!L$6) -> 0 | M15: =COUNTIFS('2026 Time Off Request'!$A:$A,'Mar 2026'!$D15,'2026 Time Off Request'!$L:$L,'Mar 2026'!M$6) -> 0 | ... AJ15: =COUNTIFS('2026 Time Off Request'!$A:$A,'Mar 2026'!$D15,'2026 Time Off Request'!$L:$L,'Mar 2026'!AJ$6) -> 0
A16: 10 | B16: RM | C16: Regional Manager | D16: Bernard, Jennifer | E16: =SUM(F16:AJ16) -> 0 | F16: =COUNTIFS('2026 Time Off Request'!$A:$A,'Mar 2026'!$D16,'2026 Time Off Request'!$L:$L,'Mar 2026'!F$6) -> 0 | G16: =COUNTIFS('2026 Time Off Request'!$A:$A,'Mar 2026'!$D16,'2026 Time Off Request'!$L:$L,'Mar 2026'!G$6) -> 0 | H16: =COUNTIFS('2026 Time Off Request'!$A:$A,'Mar 2026'!$D16,'2026 Time Off Request'!$L:$L,'Mar 2026'!H$6) -> 0 | I16: =COUNTIFS('2026 Time Off Request'!$A:$A,'Mar 2026'!$D16,'2026 Time Off Request'!$L:$L,'Mar 2026'!I$6) -> 0 | J16: =COUNTIFS('2026 Time Off Request'!$A:$A,'Mar 2026'!$D16,'2026 Time Off Request'!$L:$L,'Mar 2026'!J$6) -> 0 | K16: =COUNTIFS('2026 Time Off Request'!$A:$A,'Mar 2026'!$D16,'2026 Time Off Request'!$L:$L,'Mar 2026'!K$6) -> 0 | L16: =COUNTIFS('2026 Time Off Request'!$A:$A,'Mar 2026'!$D16,'2026 Time Off Request'!$L:$L,'Mar 2026'!L$6) -> 0 | M16: =COUNTIFS('2026 Time Off Request'!$A:$A,'Mar 2026'!$D16,'2026 Time Off Request'!$L:$L,'Mar 2026'!M$6) -> 0 | ... AJ16: =COUNTIFS('2026 Time Off Request'!$A:$A,'Mar 2026'!$D16,'2026 Time Off Request'!$L:$L,'Mar 2026'!AJ$6) -> 0
A17: 11 | B17: RM | C17: Regional Manager | D17: Brijlall, Asha Chetna | E17: =SUM(F17:AJ17) -> 0 | F17: =COUNTIFS('2026 Time Off Request'!$A:$A,'Mar 2026'!$D17,'2026 Time Off Request'!$L:$L,'Mar 2026'!F$6) -> 0 | G17: =COUNTIFS('2026 Time Off Request'!$A:$A,'Mar 2026'!$D17,'2026 Time Off Request'!$L:$L,'Mar 2026'!G$6) -> 0 | H17: =COUNTIFS('2026 Time Off Request'!$A:$A,'Mar 2026'!$D17,'2026 Time Off Request'!$L:$L,'Mar 2026'!H$6) -> 0 | I17: =COUNTIFS('2026 Time Off Request'!$A:$A,'Mar 2026'!$D17,'2026 Time Off Request'!$L:$L,'Mar 2026'!I$6) -> 0 | J17: =COUNTIFS('2026 Time Off Request'!$A:$A,'Mar 2026'!$D17,'2026 Time Off Request'!$L:$L,'Mar 2026'!J$6) -> 0 | K17: =COUNTIFS('2026 Time Off Request'!$A:$A,'Mar 2026'!$D17,'2026 Time Off Request'!$L:$L,'Mar 2026'!K$6) -> 0 | L17: =COUNTIFS('2026 Time Off Request'!$A:$A,'Mar 2026'!$D17,'2026 Time Off Request'!$L:$L,'Mar 2026'!L$6) -> 0 | M17: =COUNTIFS('2026 Time Off Request'!$A:$A,'Mar 2026'!$D17,'2026 Time Off Request'!$L:$L,'Mar 2026'!M$6) -> 0 | ... AJ17: =COUNTIFS('2026 Time Off Request'!$A:$A,'Mar 2026'!$D17,'2026 Time Off Request'!$L:$L,'Mar 2026'!AJ$6) -> 0
A18: 12 | B18: RM | C18: Regional Manager | D18: Harlow, Mark | E18: =SUM(F18:AJ18) -> 1 | F18: =COUNTIFS('2026 Time Off Request'!$A:$A,'Mar 2026'!$D18,'2026 Time Off Request'!$L:$L,'Mar 2026'!F$6) -> 0 | G18: =COUNTIFS('2026 Time Off Request'!$A:$A,'Mar 2026'!$D18,'2026 Time Off Request'!$L:$L,'Mar 2026'!G$6) -> 0 | H18: =COUNTIFS('2026 Time Off Request'!$A:$A,'Mar 2026'!$D18,'2026 Time Off Request'!$L:$L,'Mar 2026'!H$6) -> 0 | I18: =COUNTIFS('2026 Time Off Request'!$A:$A,'Mar 2026'!$D18,'2026 Time Off Request'!$L:$L,'Mar 2026'!I$6) -> 0 | J18: =COUNTIFS('2026 Time Off Request'!$A:$A,'Mar 2026'!$D18,'2026 Time Off Request'!$L:$L,'Mar 2026'!J$6) -> 0 | K18: =COUNTIFS('2026 Time Off Request'!$A:$A,'Mar 2026'!$D18,'2026 Time Off Request'!$L:$L,'Mar 2026'!K$6) -> 0 | L18: =COUNTIFS('2026 Time Off Request'!$A:$A,'Mar 2026'!$D18,'2026 Time Off Request'!$L:$L,'Mar 2026'!L$6) -> 0 | M18: =COUNTIFS('2026 Time Off Request'!$A:$A,'Mar 2026'!$D18,'2026 Time Off Request'!$L:$L,'Mar 2026'!M$6) -> 0 | ... AJ18: =COUNTIFS('2026 Time Off Request'!$A:$A,'Mar 2026'!$D18,'2026 Time Off Request'!$L:$L,'Mar 2026'!AJ$6) -> 0
A19: 13 | B19: RM | C19: Regional Manager | D19: Ciccone, Shelley | E19: =SUM(F19:AJ19) -> 0 | F19: =COUNTIFS('2026 Time Off Request'!$A:$A,'Mar 2026'!$D19,'2026 Time Off Request'!$L:$L,'Mar 2026'!F$6) -> 0 | G19: =COUNTIFS('2026 Time Off Request'!$A:$A,'Mar 2026'!$D19,'2026 Time Off Request'!$L:$L,'Mar 2026'!G$6) -> 0 | H19: =COUNTIFS('2026 Time Off Request'!$A:$A,'Mar 2026'!$D19,'2026 Time Off Request'!$L:$L,'Mar 2026'!H$6) -> 0 | I19: =COUNTIFS('2026 Time Off Request'!$A:$A,'Mar 2026'!$D19,'2026 Time Off Request'!$L:$L,'Mar 2026'!I$6) -> 0 | J19: =COUNTIFS('2026 Time Off Request'!$A:$A,'Mar 2026'!$D19,'2026 Time Off Request'!$L:$L,'Mar 2026'!J$6) -> 0 | K19: =COUNTIFS('2026 Time Off Request'!$A:$A,'Mar 2026'!$D19,'2026 Time Off Request'!$L:$L,'Mar 2026'!K$6) -> 0 | L19: =COUNTIFS('2026 Time Off Request'!$A:$A,'Mar 2026'!$D19,'2026 Time Off Request'!$L:$L,'Mar 2026'!L$6) -> 0 | M19: =COUNTIFS('2026 Time Off Request'!$A:$A,'Mar 2026'!$D19,'2026 Time Off Request'!$L:$L,'Mar 2026'!M$6) -> 0 | ... AJ19: =COUNTIFS('2026 Time Off Request'!$A:$A,'Mar 2026'!$D19,'2026 Time Off Request'!$L:$L,'Mar 2026'!AJ$6) -> 0
... A23: 17 | B23: ST | C23: Talent Acquisition Specialist | D23: Zymeri, Rineta | E23: =SUM(F23:AJ23) -> 0 | F23: =COUNTIFS('2026 Time Off Request'!$A:$A,'Mar 2026'!$D23,'2026 Time Off Request'!$L:$L,'Mar 2026'!F$6) -> 0 | G23: =COUNTIFS('2026 Time Off Request'!$A:$A,'Mar 2026'!$D23,'2026 Time Off Request'!$L:$L,'Mar 2026'!G$6) -> 0 | H23: =COUNTIFS('2026 Time Off Request'!$A:$A,'Mar 2026'!$D23,'2026 Time Off Request'!$L:$L,'Mar 2026'!H$6) -> 0 | I23: =COUNTIFS('2026 Time Off Request'!$A:$A,'Mar 2026'!$D23,'2026 Time Off Request'!$L:$L,'Mar 2026'!I$6) -> 0 | J23: =COUNTIFS('2026 Time Off Request'!$A:$A,'Mar 2026'!$D23,'2026 Time Off Request'!$L:$L,'Mar 2026'!J$6) -> 0 | K23: =COUNTIFS('2026 Time Off Request'!$A:$A,'Mar 2026'!$D23,'2026 Time Off Request'!$L:$L,'Mar 2026'!K$6) -> 0 | L23: =COUNTIFS('2026 Time Off Request'!$A:$A,'Mar 2026'!$D23,'2026 Time Off Request'!$L:$L,'Mar 2026'!L$6) -> 0 | M23: =COUNTIFS('2026 Time Off Request'!$A:$A,'Mar 2026'!$D23,'2026 Time Off Request'!$L:$L,'Mar 2026'!M$6) -> 0 | ... AJ23: =COUNTIFS('2026 Time Off Request'!$A:$A,'Mar 2026'!$D23,'2026 Time Off Request'!$L:$L,'Mar 2026'!AJ$6) -> 0
B24: ST | C24: Talent Acquisition Specialist | D24: Kaiser, Erika | E24: =SUM(F24:AJ24) -> 0 | F24: =COUNTIFS('2026 Time Off Request'!$A:$A,'Mar 2026'!$D24,'2026 Time Off Request'!$L:$L,'Mar 2026'!F$6) -> 0 | G24: =COUNTIFS('2026 Time Off Request'!$A:$A,'Mar 2026'!$D24,'2026 Time Off Request'!$L:$L,'Mar 2026'!G$6) -> 0 | H24: =COUNTIFS('2026 Time Off Request'!$A:$A,'Mar 2026'!$D24,'2026 Time Off Request'!$L:$L,'Mar 2026'!H$6) -> 0 | I24: =COUNTIFS('2026 Time Off Request'!$A:$A,'Mar 2026'!$D24,'2026 Time Off Request'!$L:$L,'Mar 2026'!I$6) -> 0 | J24: =COUNTIFS('2026 Time Off Request'!$A:$A,'Mar 2026'!$D24,'2026 Time Off Request'!$L:$L,'Mar 2026'!J$6) -> 0 | K24: =COUNTIFS('2026 Time Off Request'!$A:$A,'Mar 2026'!$D24,'2026 Time Off Request'!$L:$L,'Mar 2026'!K$6) -> 0 | L24: =COUNTIFS('2026 Time Off Request'!$A:$A,'Mar 2026'!$D24,'2026 Time Off Request'!$L:$L,'Mar 2026'!L$6) -> 0 | M24: =COUNTIFS('2026 Time Off Request'!$A:$A,'Mar 2026'!$D24,'2026 Time Off Request'!$L:$L,'Mar 2026'!M$6) -> 0 | ... AJ24: =COUNTIFS('2026 Time Off Request'!$A:$A,'Mar 2026'!$D24,'2026 Time Off Request'!$L:$L,'Mar 2026'!AJ$6) -> 0
A25: 18 | B25: ST | C25: Project Manager | D25: Rana, Surya | E25: =SUM(F25:AJ25) -> 0 | F25: =COUNTIFS('2026 Time Off Request'!$A:$A,'Mar 2026'!$D25,'2026 Time Off Request'!$L:$L,'Mar 2026'!F$6) -> 0 | G25: =COUNTIFS('2026 Time Off Request'!$A:$A,'Mar 2026'!$D25,'2026 Time Off Request'!$L:$L,'Mar 2026'!G$6) -> 0 | H25: =COUNTIFS('2026 Time Off Request'!$A:$A,'Mar 2026'!$D25,'2026 Time Off Request'!$L:$L,'Mar 2026'!H$6) -> 0 | I25: =COUNTIFS('2026 Time Off Request'!$A:$A,'Mar 2026'!$D25,'2026 Time Off Request'!$L:$L,'Mar 2026'!I$6) -> 0 | J25: =COUNTIFS('2026 Time Off Request'!$A:$A,'Mar 2026'!$D25,'2026 Time Off Request'!$L:$L,'Mar 2026'!J$6) -> 0 | K25: =COUNTIFS('2026 Time Off Request'!$A:$A,'Mar 2026'!$D25,'2026 Time Off Request'!$L:$L,'Mar 2026'!K$6) -> 0 | L25: =COUNTIFS('2026 Time Off Request'!$A:$A,'Mar 2026'!$D25,'2026 Time Off Request'!$L:$L,'Mar 2026'!L$6) -> 0 | M25: =COUNTIFS('2026 Time Off Request'!$A:$A,'Mar 2026'!$D25,'2026 Time Off Request'!$L:$L,'Mar 2026'!M$6) -> 0 | ... AJ25: =COUNTIFS('2026 Time Off Request'!$A:$A,'Mar 2026'!$D25,'2026 Time Off Request'!$L:$L,'Mar 2026'!AJ$6) -> 0
B26: ST | C26: Project Manager | D26: Srikanth, Asha | E26: =SUM(F26:AJ26) -> 0 | F26: =COUNTIFS('2026 Time Off Request'!$A:$A,'Mar 2026'!$D26,'2026 Time Off Request'!$L:$L,'Mar 2026'!F$6) -> 0 | G26: =COUNTIFS('2026 Time Off Request'!$A:$A,'Mar 2026'!$D26,'2026 Time Off Request'!$L:$L,'Mar 2026'!G$6) -> 0 | H26: =COUNTIFS('2026 Time Off Request'!$A:$A,'Mar 2026'!$D26,'2026 Time Off Request'!$L:$L,'Mar 2026'!H$6) -> 0 | I26: =COUNTIFS('2026 Time Off Request'!$A:$A,'Mar 2026'!$D26,'2026 Time Off Request'!$L:$L,'Mar 2026'!I$6) -> 0 | J26: =COUNTIFS('2026 Time Off Request'!$A:$A,'Mar 2026'!$D26,'2026 Time Off Request'!$L:$L,'Mar 2026'!J$6) -> 0 | K26: =COUNTIFS('2026 Time Off Request'!$A:$A,'Mar 2026'!$D26,'2026 Time Off Request'!$L:$L,'Mar 2026'!K$6) -> 0 | L26: =COUNTIFS('2026 Time Off Request'!$A:$A,'Mar 2026'!$D26,'2026 Time Off Request'!$L:$L,'Mar 2026'!L$6) -> 0 | M26: =COUNTIFS('2026 Time Off Request'!$A:$A,'Mar 2026'!$D26,'2026 Time Off Request'!$L:$L,'Mar 2026'!M$6) -> 0 | ... AJ26: =COUNTIFS('2026 Time Off Request'!$A:$A,'Mar 2026'!$D26,'2026 Time Off Request'!$L:$L,'Mar 2026'!AJ$6) -> 0
A27: 19 | B27: ST | C27: IT Support Specialist | D27: Armstrong, David | E27: =SUM(F27:AJ27) -> 1 | F27: =COUNTIFS('2026 Time Off Request'!$A:$A,'Mar 2026'!$D27,'2026 Time Off Request'!$L:$L,'Mar 2026'!F$6) -> 0 | G27: =COUNTIFS('2026 Time Off Request'!$A:$A,'Mar 2026'!$D27,'2026 Time Off Request'!$L:$L,'Mar 2026'!G$6) -> 0 | H27: =COUNTIFS('2026 Time Off Request'!$A:$A,'Mar 2026'!$D27,'2026 Time Off Request'!$L:$L,'Mar 2026'!H$6) -> 0 | I27: =COUNTIFS('2026 Time Off Request'!$A:$A,'Mar 2026'!$D27,'2026 Time Off Request'!$L:$L,'Mar 2026'!I$6) -> 0 | J27: =COUNTIFS('2026 Time Off Request'!$A:$A,'Mar 2026'!$D27,'2026 Time Off Request'!$L:$L,'Mar 2026'!J$6) -> 0 | K27: =COUNTIFS('2026 Time Off Request'!$A:$A,'Mar 2026'!$D27,'2026 Time Off Request'!$L:$L,'Mar 2026'!K$6) -> 0 | L27: =COUNTIFS('2026 Time Off Request'!$A:$A,'Mar 2026'!$D27,'2026 Time Off Request'!$L:$L,'Mar 2026'!L$6) -> 0 | M27: =COUNTIFS('2026 Time Off Request'!$A:$A,'Mar 2026'!$D27,'2026 Time Off Request'!$L:$L,'Mar 2026'!M$6) -> 0 | ... AJ27: =COUNTIFS('2026 Time Off Request'!$A:$A,'Mar 2026'!$D27,'2026 Time Off Request'!$L:$L,'Mar 2026'!AJ$6) -> 0
A28: 20 | B28: ST | C28: Solutions Architect | D28: Puri, Deepesh | E28: =SUM(F28:AJ28) -> 0 | F28: =COUNTIFS('2026 Time Off Request'!$A:$A,'Mar 2026'!$D28,'2026 Time Off Request'!$L:$L,'Mar 2026'!F$6) -> 0 | G28: =COUNTIFS('2026 Time Off Request'!$A:$A,'Mar 2026'!$D28,'2026 Time Off Request'!$L:$L,'Mar 2026'!G$6) -> 0 | H28: =COUNTIFS('2026 Time Off Request'!$A:$A,'Mar 2026'!$D28,'2026 Time Off Request'!$L:$L,'Mar 2026'!H$6) -> 0 | I28: =COUNTIFS('2026 Time Off Request'!$A:$A,'Mar 2026'!$D28,'2026 Time Off Request'!$L:$L,'Mar 2026'!I$6) -> 0 | J28: =COUNTIFS('2026 Time Off Request'!$A:$A,'Mar 2026'!$D28,'2026 Time Off Request'!$L:$L,'Mar 2026'!J$6) -> 0 | K28: =COUNTIFS('2026 Time Off Request'!$A:$A,'Mar 2026'!$D28,'2026 Time Off Request'!$L:$L,'Mar 2026'!K$6) -> 0 | L28: =COUNTIFS('2026 Time Off Request'!$A:$A,'Mar 2026'!$D28,'2026 Time Off Request'!$L:$L,'Mar 2026'!L$6) -> 0 | M28: =COUNTIFS('2026 Time Off Request'!$A:$A,'Mar 2026'!$D28,'2026 Time Off Request'!$L:$L,'Mar 2026'!M$6) -> 0 | ... AJ28: =COUNTIFS('2026 Time Off Request'!$A:$A,'Mar 2026'!$D28,'2026 Time Off Request'!$L:$L,'Mar 2026'!AJ$6) -> 0
B29: ST | C29: Data Analyst | D29: Lopez, David | E29: =SUM(F29:AJ29) -> 0 | F29: =COUNTIFS('2026 Time Off Request'!$A:$A,'Mar 2026'!$D29,'2026 Time Off Request'!$L:$L,'Mar 2026'!F$6) -> 0 | G29: =COUNTIFS('2026 Time Off Request'!$A:$A,'Mar 2026'!$D29,'2026 Time Off Request'!$L:$L,'Mar 2026'!G$6) -> 0 | H29: =COUNTIFS('2026 Time Off Request'!$A:$A,'Mar 2026'!$D29,'2026 Time Off Request'!$L:$L,'Mar 2026'!H$6) -> 0 | I29: =COUNTIFS('2026 Time Off Request'!$A:$A,'Mar 2026'!$D29,'2026 Time Off Request'!$L:$L,'Mar 2026'!I$6) -> 0 | J29: =COUNTIFS('2026 Time Off Request'!$A:$A,'Mar 2026'!$D29,'2026 Time Off Request'!$L:$L,'Mar 2026'!J$6) -> 0 | K29: =COUNTIFS('2026 Time Off Request'!$A:$A,'Mar 2026'!$D29,'2026 Time Off Request'!$L:$L,'Mar 2026'!K$6) -> 0 | L29: =COUNTIFS('2026 Time Off Request'!$A:$A,'Mar 2026'!$D29,'2026 Time Off Request'!$L:$L,'Mar 2026'!L$6) -> 0 | M29: =COUNTIFS('2026 Time Off Request'!$A:$A,'Mar 2026'!$D29,'2026 Time Off Request'!$L:$L,'Mar 2026'!M$6) -> 0 | ... AJ29: =COUNTIFS('2026 Time Off Request'!$A:$A,'Mar 2026'!$D29,'2026 Time Off Request'!$L:$L,'Mar 2026'!AJ$6) -> 0
A30: 21 | B30: ST Mgr | C30: Digital Marketing Manager | D30: Abi Khalil, Marwan | E30: =SUM(F30:AJ30) -> 1 | F30: =COUNTIFS('2026 Time Off Request'!$A:$A,'Mar 2026'!$D30,'2026 Time Off Request'!$L:$L,'Mar 2026'!F$6) -> 0 | G30: =COUNTIFS('2026 Time Off Request'!$A:$A,'Mar 2026'!$D30,'2026 Time Off Request'!$L:$L,'Mar 2026'!G$6) -> 0 | H30: =COUNTIFS('2026 Time Off Request'!$A:$A,'Mar 2026'!$D30,'2026 Time Off Request'!$L:$L,'Mar 2026'!H$6) -> 0 | I30: =COUNTIFS('2026 Time Off Request'!$A:$A,'Mar 2026'!$D30,'2026 Time Off Request'!$L:$L,'Mar 2026'!I$6) -> 0 | J30: =COUNTIFS('2026 Time Off Request'!$A:$A,'Mar 2026'!$D30,'2026 Time Off Request'!$L:$L,'Mar 2026'!J$6) -> 0 | K30: =COUNTIFS('2026 Time Off Request'!$A:$A,'Mar 2026'!$D30,'2026 Time Off Request'!$L:$L,'Mar 2026'!K$6) -> 0 | L30: =COUNTIFS('2026 Time Off Request'!$A:$A,'Mar 2026'!$D30,'2026 Time Off Request'!$L:$L,'Mar 2026'!L$6) -> 0 | M30: =COUNTIFS('2026 Time Off Request'!$A:$A,'Mar 2026'!$D30,'2026 Time Off Request'!$L:$L,'Mar 2026'!M$6) -> 0 | ... AJ30: =COUNTIFS('2026 Time Off Request'!$A:$A,'Mar 2026'!$D30,'2026 Time Off Request'!$L:$L,'Mar 2026'!AJ$6) -> 0
A31: 22 | B31: ST Mgr | C31: Sr. Design Manager | D31: Ford, Claire | E31: =SUM(F31:AJ31) -> 1 | F31: =COUNTIFS('2026 Time Off Request'!$A:$A,'Mar 2026'!$D31,'2026 Time Off Request'!$L:$L,'Mar 2026'!F$6) -> 0 | G31: =COUNTIFS('2026 Time Off Request'!$A:$A,'Mar 2026'!$D31,'2026 Time Off Request'!$L:$L,'Mar 2026'!G$6) -> 0 | H31: =COUNTIFS('2026 Time Off Request'!$A:$A,'Mar 2026'!$D31,'2026 Time Off Request'!$L:$L,'Mar 2026'!H$6) -> 0 | I31: =COUNTIFS('2026 Time Off Request'!$A:$A,'Mar 2026'!$D31,'2026 Time Off Request'!$L:$L,'Mar 2026'!I$6) -> 0 | J31: =COUNTIFS('2026 Time Off Request'!$A:$A,'Mar 2026'!$D31,'2026 Time Off Request'!$L:$L,'Mar 2026'!J$6) -> 0 | K31: =COUNTIFS('2026 Time Off Request'!$A:$A,'Mar 2026'!$D31,'2026 Time Off Request'!$L:$L,'Mar 2026'!K$6) -> 0 | L31: =COUNTIFS('2026 Time Off Request'!$A:$A,'Mar 2026'!$D31,'2026 Time Off Request'!$L:$L,'Mar 2026'!L$6) -> 0 | M31: =COUNTIFS('2026 Time Off Request'!$A:$A,'Mar 2026'!$D31,'2026 Time Off Request'!$L:$L,'Mar 2026'!M$6) -> 0 | ... AJ31: =COUNTIFS('2026 Time Off Request'!$A:$A,'Mar 2026'!$D31,'2026 Time Off Request'!$L:$L,'Mar 2026'!AJ$6) -> 0
A32: 23 | B32: ST | C32: Event Planner | D32: Clark, Celestyna Ruth | E32: =SUM(F32:AJ32) -> 1 | F32: =COUNTIFS('2026 Time Off Request'!$A:$A,'Mar 2026'!$D32,'2026 Time Off Request'!$L:$L,'Mar 2026'!F$6) -> 0 | G32: =COUNTIFS('2026 Time Off Request'!$A:$A,'Mar 2026'!$D32,'2026 Time Off Request'!$L:$L,'Mar 2026'!G$6) -> 0 | H32: =COUNTIFS('2026 Time Off Request'!$A:$A,'Mar 2026'!$D32,'2026 Time Off Request'!$L:$L,'Mar 2026'!H$6) -> 0 | I32: =COUNTIFS('2026 Time Off Request'!$A:$A,'Mar 2026'!$D32,'2026 Time Off Request'!$L:$L,'Mar 2026'!I$6) -> 0 | J32: =COUNTIFS('2026 Time Off Request'!$A:$A,'Mar 2026'!$D32,'2026 Time Off Request'!$L:$L,'Mar 2026'!J$6) -> 0 | K32: =COUNTIFS('2026 Time Off Request'!$A:$A,'Mar 2026'!$D32,'2026 Time Off Request'!$L:$L,'Mar 2026'!K$6) -> 0 | L32: =COUNTIFS('2026 Time Off Request'!$A:$A,'Mar 2026'!$D32,'2026 Time Off Request'!$L:$L,'Mar 2026'!L$6) -> 0 | M32: =COUNTIFS('2026 Time Off Request'!$A:$A,'Mar 2026'!$D32,'2026 Time Off Request'!$L:$L,'Mar 2026'!M$6) -> 0 | ... AJ32: =COUNTIFS('2026 Time Off Request'!$A:$A,'Mar 2026'!$D32,'2026 Time Off Request'!$L:$L,'Mar 2026'!AJ$6) -> 0
A33: 24 | B33: ST | C33: Creative Designer | D33: Kedia, Vidhisha | E33: =SUM(F33:AJ33) -> 0 | F33: =COUNTIFS('2026 Time Off Request'!$A:$A,'Mar 2026'!$D33,'2026 Time Off Request'!$L:$L,'Mar 2026'!F$6) -> 0 | G33: =COUNTIFS('2026 Time Off Request'!$A:$A,'Mar 2026'!$D33,'2026 Time Off Request'!$L:$L,'Mar 2026'!G$6) -> 0 | H33: =COUNTIFS('2026 Time Off Request'!$A:$A,'Mar 2026'!$D33,'2026 Time Off Request'!$L:$L,'Mar 2026'!H$6) -> 0 | I33: =COUNTIFS('2026 Time Off Request'!$A:$A,'Mar 2026'!$D33,'2026 Time Off Request'!$L:$L,'Mar 2026'!I$6) -> 0 | J33: =COUNTIFS('2026 Time Off Request'!$A:$A,'Mar 2026'!$D33,'2026 Time Off Request'!$L:$L,'Mar 2026'!J$6) -> 0 | K33: =COUNTIFS('2026 Time Off Request'!$A:$A,'Mar 2026'!$D33,'2026 Time Off Request'!$L:$L,'Mar 2026'!K$6) -> 0 | L33: =COUNTIFS('2026 Time Off Request'!$A:$A,'Mar 2026'!$D33,'2026 Time Off Request'!$L:$L,'Mar 2026'!L$6) -> 0 | M33: =COUNTIFS('2026 Time Off Request'!$A:$A,'Mar 2026'!$D33,'2026 Time Off Request'!$L:$L,'Mar 2026'!M$6) -> 0 | ... AJ33: =COUNTIFS('2026 Time Off Request'!$A:$A,'Mar 2026'!$D33,'2026 Time Off Request'!$L:$L,'Mar 2026'!AJ$6) -> 0
A34: 25 | B34: ST | C34: Creative Designer | D34: Kocznur, Jesse | E34: =SUM(F34:AJ34) -> 0 | F34: =COUNTIFS('2026 Time Off Request'!$A:$A,'Mar 2026'!$D34,'2026 Time Off Request'!$L:$L,'Mar 2026'!F$6) -> 0 | G34: =COUNTIFS('2026 Time Off Request'!$A:$A,'Mar 2026'!$D34,'2026 Time Off Request'!$L:$L,'Mar 2026'!G$6) -> 0 | H34: =COUNTIFS('2026 Time Off Request'!$A:$A,'Mar 2026'!$D34,'2026 Time Off Request'!$L:$L,'Mar 2026'!H$6) -> 0 | I34: =COUNTIFS('2026 Time Off Request'!$A:$A,'Mar 2026'!$D34,'2026 Time Off Request'!$L:$L,'Mar 2026'!I$6) -> 0 | J34: =COUNTIFS('2026 Time Off Request'!$A:$A,'Mar 2026'!$D34,'2026 Time Off Request'!$L:$L,'Mar 2026'!J$6) -> 0 | K34: =COUNTIFS('2026 Time Off Request'!$A:$A,'Mar 2026'!$D34,'2026 Time Off Request'!$L:$L,'Mar 2026'!K$6) -> 0 | L34: =COUNTIFS('2026 Time Off Request'!$A:$A,'Mar 2026'!$D34,'2026 Time Off Request'!$L:$L,'Mar 2026'!L$6) -> 0 | M34: =COUNTIFS('2026 Time Off Request'!$A:$A,'Mar 2026'!$D34,'2026 Time Off Request'!$L:$L,'Mar 2026'!M$6) -> 0 | ... AJ34: =COUNTIFS('2026 Time Off Request'!$A:$A,'Mar 2026'!$D34,'2026 Time Off Request'!$L:$L,'Mar 2026'!AJ$6) -> 0
A35: 26 | B35: ST | C35: Motion Designer | D35: John, Jonathan | E35: =SUM(F35:AJ35) -> 0 | F35: =COUNTIFS('2026 Time Off Request'!$A:$A,'Mar 2026'!$D35,'2026 Time Off Request'!$L:$L,'Mar 2026'!F$6) -> 0 | G35: =COUNTIFS('2026 Time Off Request'!$A:$A,'Mar 2026'!$D35,'2026 Time Off Request'!$L:$L,'Mar 2026'!G$6) -> 0 | H35: =COUNTIFS('2026 Time Off Request'!$A:$A,'Mar 2026'!$D35,'2026 Time Off Request'!$L:$L,'Mar 2026'!H$6) -> 0 | I35: =COUNTIFS('2026 Time Off Request'!$A:$A,'Mar 2026'!$D35,'2026 Time Off Request'!$L:$L,'Mar 2026'!I$6) -> 0 | J35: =COUNTIFS('2026 Time Off Request'!$A:$A,'Mar 2026'!$D35,'2026 Time Off Request'!$L:$L,'Mar 2026'!J$6) -> 0 | K35: =COUNTIFS('2026 Time Off Request'!$A:$A,'Mar 2026'!$D35,'2026 Time Off Request'!$L:$L,'Mar 2026'!K$6) -> 0 | L35: =COUNTIFS('2026 Time Off Request'!$A:$A,'Mar 2026'!$D35,'2026 Time Off Request'!$L:$L,'Mar 2026'!L$6) -> 0 | M35: =COUNTIFS('2026 Time Off Request'!$A:$A,'Mar 2026'!$D35,'2026 Time Off Request'!$L:$L,'Mar 2026'!M$6) -> 0 | ... AJ35: =COUNTIFS('2026 Time Off Request'!$A:$A,'Mar 2026'!$D35,'2026 Time Off Request'!$L:$L,'Mar 2026'!AJ$6) -> 0
A36: 27 | B36: ST Mgr | C36: Call Center Manager | D36: Jones, Brandie Gayle | E36: =SUM(F36:AJ36) -> 0 | F36: =COUNTIFS('2026 Time Off Request'!$A:$A,'Mar 2026'!$D36,'2026 Time Off Request'!$L:$L,'Mar 2026'!F$6) -> 0 | G36: =COUNTIFS('2026 Time Off Request'!$A:$A,'Mar 2026'!$D36,'2026 Time Off Request'!$L:$L,'Mar 2026'!G$6) -> 0 | H36: =COUNTIFS('2026 Time Off Request'!$A:$A,'Mar 2026'!$D36,'2026 Time Off Request'!$L:$L,'Mar 2026'!H$6) -> 0 | I36: =COUNTIFS('2026 Time Off Request'!$A:$A,'Mar 2026'!$D36,'2026 Time Off Request'!$L:$L,'Mar 2026'!I$6) -> 0 | J36: =COUNTIFS('2026 Time Off Request'!$A:$A,'Mar 2026'!$D36,'2026 Time Off Request'!$L:$L,'Mar 2026'!J$6) -> 0 | K36: =COUNTIFS('2026 Time Off Request'!$A:$A,'Mar 2026'!$D36,'2026 Time Off Request'!$L:$L,'Mar 2026'!K$6) -> 0 | L36: =COUNTIFS('2026 Time Off Request'!$A:$A,'Mar 2026'!$D36,'2026 Time Off Request'!$L:$L,'Mar 2026'!L$6) -> 0 | M36: =COUNTIFS('2026 Time Off Request'!$A:$A,'Mar 2026'!$D36,'2026 Time Off Request'!$L:$L,'Mar 2026'!M$6) -> 0 | ... AJ36: =COUNTIFS('2026 Time Off Request'!$A:$A,'Mar 2026'!$D36,'2026 Time Off Request'!$L:$L,'Mar 2026'!AJ$6) -> 0
A37: 28 | B37: ST | C37: Call Center Rep | D37: Black, Marijna Alida | E37: =SUM(F37:AJ37) -> 0 | F37: =COUNTIFS('2026 Time Off Request'!$A:$A,'Mar 2026'!$D37,'2026 Time Off Request'!$L:$L,'Mar 2026'!F$6) -> 0 | G37: =COUNTIFS('2026 Time Off Request'!$A:$A,'Mar 2026'!$D37,'2026 Time Off Request'!$L:$L,'Mar 2026'!G$6) -> 0 | H37: =COUNTIFS('2026 Time Off Request'!$A:$A,'Mar 2026'!$D37,'2026 Time Off Request'!$L:$L,'Mar 2026'!H$6) -> 0 | I37: =COUNTIFS('2026 Time Off Request'!$A:$A,'Mar 2026'!$D37,'2026 Time Off Request'!$L:$L,'Mar 2026'!I$6) -> 0 | J37: =COUNTIFS('2026 Time Off Request'!$A:$A,'Mar 2026'!$D37,'2026 Time Off Request'!$L:$L,'Mar 2026'!J$6) -> 0 | K37: =COUNTIFS('2026 Time Off Request'!$A:$A,'Mar 2026'!$D37,'2026 Time Off Request'!$L:$L,'Mar 2026'!K$6) -> 0 | L37: =COUNTIFS('2026 Time Off Request'!$A:$A,'Mar 2026'!$D37,'2026 Time Off Request'!$L:$L,'Mar 2026'!L$6) -> 0 | M37: =COUNTIFS('2026 Time Off Request'!$A:$A,'Mar 2026'!$D37,'2026 Time Off Request'!$L:$L,'Mar 2026'!M$6) -> 0 | ... AJ37: =COUNTIFS('2026 Time Off Request'!$A:$A,'Mar 2026'!$D37,'2026 Time Off Request'!$L:$L,'Mar 2026'!AJ$6) -> 0
A38: 29 | B38: ST | C38: Call Center Rep | D38: Pelius, Jacqulene | E38: =SUM(F38:AJ38) -> 0 | F38: =COUNTIFS('2026 Time Off Request'!$A:$A,'Mar 2026'!$D38,'2026 Time Off Request'!$L:$L,'Mar 2026'!F$6) -> 0 | G38: =COUNTIFS('2026 Time Off Request'!$A:$A,'Mar 2026'!$D38,'2026 Time Off Request'!$L:$L,'Mar 2026'!G$6) -> 0 | H38: =COUNTIFS('2026 Time Off Request'!$A:$A,'Mar 2026'!$D38,'2026 Time Off Request'!$L:$L,'Mar 2026'!H$6) -> 0 | I38: =COUNTIFS('2026 Time Off Request'!$A:$A,'Mar 2026'!$D38,'2026 Time Off Request'!$L:$L,'Mar 2026'!I$6) -> 0 | J38: =COUNTIFS('2026 Time Off Request'!$A:$A,'Mar 2026'!$D38,'2026 Time Off Request'!$L:$L,'Mar 2026'!J$6) -> 0 | K38: =COUNTIFS('2026 Time Off Request'!$A:$A,'Mar 2026'!$D38,'2026 Time Off Request'!$L:$L,'Mar 2026'!K$6) -> 0 | L38: =COUNTIFS('2026 Time Off Request'!$A:$A,'Mar 2026'!$D38,'2026 Time Off Request'!$L:$L,'Mar 2026'!L$6) -> 0 | M38: =COUNTIFS('2026 Time Off Request'!$A:$A,'Mar 2026'!$D38,'2026 Time Off Request'!$L:$L,'Mar 2026'!M$6) -> 0 | ... AJ38: =COUNTIFS('2026 Time Off Request'!$A:$A,'Mar 2026'!$D38,'2026 Time Off Request'!$L:$L,'Mar 2026'!AJ$6) -> 0
A39: 30 | B39: ST | C39: Call Center Rep | D39: Milankovic, Tatjana | E39: =SUM(F39:AJ39) -> 5 | F39: =COUNTIFS('2026 Time Off Request'!$A:$A,'Mar 2026'!$D39,'2026 Time Off Request'!$L:$L,'Mar 2026'!F$6) -> 0 | G39: =COUNTIFS('2026 Time Off Request'!$A:$A,'Mar 2026'!$D39,'2026 Time Off Request'!$L:$L,'Mar 2026'!G$6) -> 0 | H39: =COUNTIFS('2026 Time Off Request'!$A:$A,'Mar 2026'!$D39,'2026 Time Off Request'!$L:$L,'Mar 2026'!H$6) -> 0 | I39: =COUNTIFS('2026 Time Off Request'!$A:$A,'Mar 2026'!$D39,'2026 Time Off Request'!$L:$L,'Mar 2026'!I$6) -> 0 | J39: =COUNTIFS('2026 Time Off Request'!$A:$A,'Mar 2026'!$D39,'2026 Time Off Request'!$L:$L,'Mar 2026'!J$6) -> 0 | K39: =COUNTIFS('2026 Time Off Request'!$A:$A,'Mar 2026'!$D39,'2026 Time Off Request'!$L:$L,'Mar 2026'!K$6) -> 0 | L39: =COUNTIFS('2026 Time Off Request'!$A:$A,'Mar 2026'!$D39,'2026 Time Off Request'!$L:$L,'Mar 2026'!L$6) -> 0 | M39: =COUNTIFS('2026 Time Off Request'!$A:$A,'Mar 2026'!$D39,'2026 Time Off Request'!$L:$L,'Mar 2026'!M$6) -> 0 | ... AJ39: =COUNTIFS('2026 Time Off Request'!$A:$A,'Mar 2026'!$D39,'2026 Time Off Request'!$L:$L,'Mar 2026'!AJ$6) -> 0
A40: 31 | B40: ST Mgr | C40: Payroll Manager | D40: Ammari, Waleed | E40: =SUM(F40:AJ40) -> 0 | F40: =COUNTIFS('2026 Time Off Request'!$A:$A,'Mar 2026'!$D40,'2026 Time Off Request'!$L:$L,'Mar 2026'!F$6) -> 0 | G40: =COUNTIFS('2026 Time Off Request'!$A:$A,'Mar 2026'!$D40,'2026 Time Off Request'!$L:$L,'Mar 2026'!G$6) -> 0 | H40: =COUNTIFS('2026 Time Off Request'!$A:$A,'Mar 2026'!$D40,'2026 Time Off Request'!$L:$L,'Mar 2026'!H$6) -> 0 | I40: =COUNTIFS('2026 Time Off Request'!$A:$A,'Mar 2026'!$D40,'2026 Time Off Request'!$L:$L,'Mar 2026'!I$6) -> 0 | J40: =COUNTIFS('2026 Time Off Request'!$A:$A,'Mar 2026'!$D40,'2026 Time Off Request'!$L:$L,'Mar 2026'!J$6) -> 0 | K40: =COUNTIFS('2026 Time Off Request'!$A:$A,'Mar 2026'!$D40,'2026 Time Off Request'!$L:$L,'Mar 2026'!K$6) -> 0 | L40: =COUNTIFS('2026 Time Off Request'!$A:$A,'Mar 2026'!$D40,'2026 Time Off Request'!$L:$L,'Mar 2026'!L$6) -> 0 | M40: =COUNTIFS('2026 Time Off Request'!$A:$A,'Mar 2026'!$D40,'2026 Time Off Request'!$L:$L,'Mar 2026'!M$6) -> 0 | ... AJ40: =COUNTIFS('2026 Time Off Request'!$A:$A,'Mar 2026'!$D40,'2026 Time Off Request'!$L:$L,'Mar 2026'!AJ$6) -> 0
A41: 32 | B41: ST | C41: Payroll Admin | D41: Gonzalez Garcia, Yamila | E41: =SUM(F41:AJ41) -> 0 | F41: =COUNTIFS('2026 Time Off Request'!$A:$A,'Mar 2026'!$D41,'2026 Time Off Request'!$L:$L,'Mar 2026'!F$6) -> 0 | G41: =COUNTIFS('2026 Time Off Request'!$A:$A,'Mar 2026'!$D41,'2026 Time Off Request'!$L:$L,'Mar 2026'!G$6) -> 0 | H41: =COUNTIFS('2026 Time Off Request'!$A:$A,'Mar 2026'!$D41,'2026 Time Off Request'!$L:$L,'Mar 2026'!H$6) -> 0 | I41: =COUNTIFS('2026 Time Off Request'!$A:$A,'Mar 2026'!$D41,'2026 Time Off Request'!$L:$L,'Mar 2026'!I$6) -> 0 | J41: =COUNTIFS('2026 Time Off Request'!$A:$A,'Mar 2026'!$D41,'2026 Time Off Request'!$L:$L,'Mar 2026'!J$6) -> 0 | K41: =COUNTIFS('2026 Time Off Request'!$A:$A,'Mar 2026'!$D41,'2026 Time Off Request'!$L:$L,'Mar 2026'!K$6) -> 0 | L41: =COUNTIFS('2026 Time Off Request'!$A:$A,'Mar 2026'!$D41,'2026 Time Off Request'!$L:$L,'Mar 2026'!L$6) -> 0 | M41: =COUNTIFS('2026 Time Off Request'!$A:$A,'Mar 2026'!$D41,'2026 Time Off Request'!$L:$L,'Mar 2026'!M$6) -> 0 | ... AJ41: =COUNTIFS('2026 Time Off Request'!$A:$A,'Mar 2026'!$D41,'2026 Time Off Request'!$L:$L,'Mar 2026'!AJ$6) -> 0
... A45: 36 | B45: ST | C45: Accounts Payable Admin | D45: Guirguis, George | E45: =SUM(F45:AJ45) -> 0 | F45: =COUNTIFS('2026 Time Off Request'!$A:$A,'Mar 2026'!$D45,'2026 Time Off Request'!$L:$L,'Mar 2026'!F$6) -> 0 | G45: =COUNTIFS('2026 Time Off Request'!$A:$A,'Mar 2026'!$D45,'2026 Time Off Request'!$L:$L,'Mar 2026'!G$6) -> 0 | H45: =COUNTIFS('2026 Time Off Request'!$A:$A,'Mar 2026'!$D45,'2026 Time Off Request'!$L:$L,'Mar 2026'!H$6) -> 0 | I45: =COUNTIFS('2026 Time Off Request'!$A:$A,'Mar 2026'!$D45,'2026 Time Off Request'!$L:$L,'Mar 2026'!I$6) -> 0 | J45: =COUNTIFS('2026 Time Off Request'!$A:$A,'Mar 2026'!$D45,'2026 Time Off Request'!$L:$L,'Mar 2026'!J$6) -> 0 | K45: =COUNTIFS('2026 Time Off Request'!$A:$A,'Mar 2026'!$D45,'2026 Time Off Request'!$L:$L,'Mar 2026'!K$6) -> 0 | L45: =COUNTIFS('2026 Time Off Request'!$A:$A,'Mar 2026'!$D45,'2026 Time Off Request'!$L:$L,'Mar 2026'!L$6) -> 0 | M45: =COUNTIFS('2026 Time Off Request'!$A:$A,'Mar 2026'!$D45,'2026 Time Off Request'!$L:$L,'Mar 2026'!M$6) -> 0 | ... AJ45: =COUNTIFS('2026 Time Off Request'!$A:$A,'Mar 2026'!$D45,'2026 Time Off Request'!$L:$L,'Mar 2026'!AJ$6) -> 0

Sheet April 2026
D2: ST Total Workforce | F2: =COUNTA($D$8:$D$52) -> 38 | G2: =COUNTA($D$8:$D$52) -> 38 | H2: =COUNTA($D$8:$D$52) -> 38 | I2: =COUNTA($D$8:$D$52) -> 38 | J2: =COUNTA($D$8:$D$52) -> 38 | K2: =COUNTA($D$8:$D$52) -> 38 | L2: =COUNTA($D$8:$D$52) -> 38 | M2: =COUNTA($D$8:$D$52) -> 38 | ... AI2: =COUNTA($D$8:$D$52) -> 38
D3: ST on Vacation | F3: =SUM(F8:F49) -> 0 | G3: =SUM(G8:G49) -> 0 | H3: =SUM(H8:H49) -> 0 | I3: =SUM(I8:I49) -> 0 | J3: =SUM(J8:J49) -> 0 | K3: =SUM(K8:K49) -> 0 | L3: =SUM(L8:L49) -> 0 | M3: =SUM(M8:M49) -> 0 | ... AI3: =SUM(AI8:AI49) -> 1
D4: ST % Working | F4: =(COUNTA($D$8:$D$49)-F$3)/(COUNTA($D$8:$D$49)) -> 1 | G4: =(COUNTA($D$8:$D$49)-G$3)/(COUNTA($D$8:$D$49)) -> 1 | H4: =(COUNTA($D$8:$D$49)-H$3)/(COUNTA($D$8:$D$49)) -> 1 | I4: =(COUNTA($D$8:$D$49)-I$3)/(COUNTA($D$8:$D$49)) -> 1 | J4: =(COUNTA($D$8:$D$49)-J$3)/(COUNTA($D$8:$D$49)) -> 1 | K4: =(COUNTA($D$8:$D$49)-K$3)/(COUNTA($D$8:$D$49)) -> 1 | L4: =(COUNTA($D$8:$D$49)-L$3)/(COUNTA($D$8:$D$49)) -> 1 | M4: =(COUNTA($D$8:$D$49)-M$3)/(COUNTA($D$8:$D$49)) -> 1 | ... AI4: =(COUNTA($D$8:$D$49)-AI$3)/(COUNTA($D$8:$D$49)) -> 0.97368421
B6: Employee Info | E6: Day | F6: 46113 | G6: 46114 | H6: 46115 | I6: 46116 | J6: 46117 | K6: 46118 | L6: 46119 | M6: 46120 | N6: 46121 | O6: 46122 | P6: 46123 | Q6: 46124 | R6: 46125 | S6: 46126 | T6: 46127 | U6: 46128 | V6: 46129 | W6: 46130 | X6: 46131 | Y6: 46132 | Z6: 46133 | AA6: 46134 | AB6: 46135 | AC6: 46136 | AD6: 46137 | AE6: 46138 | AF6: 46139 | AG6: 46140 | AH6: 46141 | AI6: 46142
B7: Dept | C7: Job Title | D7: Name | E7: Month to Date | F7: Wednesday | G7: Thursday | H7: Friday | I7: Saturday | J7: Sunday | K7: Monday | L7: Tuesday | M7: Wednesday | N7: Thursday | O7: Friday | P7: Saturday | Q7: Sunday | R7: Monday | S7: Tuesday | T7: Wednesday | U7: Thursday | V7: Friday | W7: Saturday | X7: Sunday | Y7: Monday | Z7: Tuesday | AA7: Wednesday | AB7: Thursday | AC7: Friday | AD7: Saturday | AE7: Sunday | AF7: Monday | AG7: Tuesday | AH7: Wednesday | AI7: Thursday
A8: 1 | B8: LT | C8: CEO | D8: Mazahreh, Said | E8: =SUM(F8:AI8) -> 0 | F8: =COUNTIFS('2026 Time Off Request'!$A:$A,'April 2026'!$D8,'2026 Time Off Request'!$L:$L,'April 2026'!F$6) -> 0 | G8: =COUNTIFS('2026 Time Off Request'!$A:$A,'April 2026'!$D8,'2026 Time Off Request'!$L:$L,'April 2026'!G$6) -> 0 | H8: =COUNTIFS('2026 Time Off Request'!$A:$A,'April 2026'!$D8,'2026 Time Off Request'!$L:$L,'April 2026'!H$6) -> 0 | I8: =COUNTIFS('2026 Time Off Request'!$A:$A,'April 2026'!$D8,'2026 Time Off Request'!$L:$L,'April 2026'!I$6) -> 0 | J8: =COUNTIFS('2026 Time Off Request'!$A:$A,'April 2026'!$D8,'2026 Time Off Request'!$L:$L,'April 2026'!J$6) -> 0 | K8: =COUNTIFS('2026 Time Off Request'!$A:$A,'April 2026'!$D8,'2026 Time Off Request'!$L:$L,'April 2026'!K$6) -> 0 | L8: =COUNTIFS('2026 Time Off Request'!$A:$A,'April 2026'!$D8,'2026 Time Off Request'!$L:$L,'April 2026'!L$6) -> 0 | M8: =COUNTIFS('2026 Time Off Request'!$A:$A,'April 2026'!$D8,'2026 Time Off Request'!$L:$L,'April 2026'!M$6) -> 0 | ... AI8: =COUNTIFS('2026 Time Off Request'!$A:$A,'April 2026'!$D8,'2026 Time Off Request'!$L:$L,'April 2026'!AI$6) -> 0
A9: 2 | B9: LT | C9: Director of Finance | D9: Reid, Laurie | E9: =SUM(F9:AI9) -> 5 | F9: =COUNTIFS('2026 Time Off Request'!$A:$A,'April 2026'!$D9,'2026 Time Off Request'!$L:$L,'April 2026'!F$6) -> 0 | G9: =COUNTIFS('2026 Time Off Request'!$A:$A,'April 2026'!$D9,'2026 Time Off Request'!$L:$L,'April 2026'!G$6) -> 0 | H9: =COUNTIFS('2026 Time Off Request'!$A:$A,'April 2026'!$D9,'2026 Time Off Request'!$L:$L,'April 2026'!H$6) -> 0 | I9: =COUNTIFS('2026 Time Off Request'!$A:$A,'April 2026'!$D9,'2026 Time Off Request'!$L:$L,'April 2026'!I$6) -> 0 | J9: =COUNTIFS('2026 Time Off Request'!$A:$A,'April 2026'!$D9,'2026 Time Off Request'!$L:$L,'April 2026'!J$6) -> 0 | K9: =COUNTIFS('2026 Time Off Request'!$A:$A,'April 2026'!$D9,'2026 Time Off Request'!$L:$L,'April 2026'!K$6) -> 0 | L9: =COUNTIFS('2026 Time Off Request'!$A:$A,'April 2026'!$D9,'2026 Time Off Request'!$L:$L,'April 2026'!L$6) -> 0 | M9: =COUNTIFS('2026 Time Off Request'!$A:$A,'April 2026'!$D9,'2026 Time Off Request'!$L:$L,'April 2026'!M$6) -> 0 | ... AI9: =COUNTIFS('2026 Time Off Request'!$A:$A,'April 2026'!$D9,'2026 Time Off Request'!$L:$L,'April 2026'!AI$6) -> 0
A10: 3 | B10: LT | C10: Director of Business Services | D10: Al Achy, Wissam | E10: =SUM(F10:AI10) -> 0 | F10: =COUNTIFS('2026 Time Off Request'!$A:$A,'April 2026'!$D10,'2026 Time Off Request'!$L:$L,'April 2026'!F$6) -> 0 | G10: =COUNTIFS('2026 Time Off Request'!$A:$A,'April 2026'!$D10,'2026 Time Off Request'!$L:$L,'April 2026'!G$6) -> 0 | H10: =COUNTIFS('2026 Time Off Request'!$A:$A,'April 2026'!$D10,'2026 Time Off Request'!$L:$L,'April 2026'!H$6) -> 0 | I10: =COUNTIFS('2026 Time Off Request'!$A:$A,'April 2026'!$D10,'2026 Time Off Request'!$L:$L,'April 2026'!I$6) -> 0 | J10: =COUNTIFS('2026 Time Off Request'!$A:$A,'April 2026'!$D10,'2026 Time Off Request'!$L:$L,'April 2026'!J$6) -> 0 | K10: =COUNTIFS('2026 Time Off Request'!$A:$A,'April 2026'!$D10,'2026 Time Off Request'!$L:$L,'April 2026'!K$6) -> 0 | L10: =COUNTIFS('2026 Time Off Request'!$A:$A,'April 2026'!$D10,'2026 Time Off Request'!$L:$L,'April 2026'!L$6) -> 0 | M10: =COUNTIFS('2026 Time Off Request'!$A:$A,'April 2026'!$D10,'2026 Time Off Request'!$L:$L,'April 2026'!M$6) -> 0 | ... AI10: =COUNTIFS('2026 Time Off Request'!$A:$A,'April 2026'!$D10,'2026 Time Off Request'!$L:$L,'April 2026'!AI$6) -> 0
A11: 4 | B11: LT | C11: Dentist Relations Manager | D11: Elduweini, Aman | E11: =SUM(F11:AI11) -> 0 | F11: =COUNTIFS('2026 Time Off Request'!$A:$A,'April 2026'!$D11,'2026 Time Off Request'!$L:$L,'April 2026'!F$6) -> 0 | G11: =COUNTIFS('2026 Time Off Request'!$A:$A,'April 2026'!$D11,'2026 Time Off Request'!$L:$L,'April 2026'!G$6) -> 0 | H11: =COUNTIFS('2026 Time Off Request'!$A:$A,'April 2026'!$D11,'2026 Time Off Request'!$L:$L,'April 2026'!H$6) -> 0 | I11: =COUNTIFS('2026 Time Off Request'!$A:$A,'April 2026'!$D11,'2026 Time Off Request'!$L:$L,'April 2026'!I$6) -> 0 | J11: =COUNTIFS('2026 Time Off Request'!$A:$A,'April 2026'!$D11,'2026 Time Off Request'!$L:$L,'April 2026'!J$6) -> 0 | K11: =COUNTIFS('2026 Time Off Request'!$A:$A,'April 2026'!$D11,'2026 Time Off Request'!$L:$L,'April 2026'!K$6) -> 0 | L11: =COUNTIFS('2026 Time Off Request'!$A:$A,'April 2026'!$D11,'2026 Time Off Request'!$L:$L,'April 2026'!L$6) -> 0 | M11: =COUNTIFS('2026 Time Off Request'!$A:$A,'April 2026'!$D11,'2026 Time Off Request'!$L:$L,'April 2026'!M$6) -> 0 | ... AI11: =COUNTIFS('2026 Time Off Request'!$A:$A,'April 2026'!$D11,'2026 Time Off Request'!$L:$L,'April 2026'!AI$6) -> 0
A12: 5 | B12: LT | C12: Director of IT | D12: Ayoub, Laith | E12: =SUM(F12:AI12) -> 0 | F12: =COUNTIFS('2026 Time Off Request'!$A:$A,'April 2026'!$D12,'2026 Time Off Request'!$L:$L,'April 2026'!F$6) -> 0 | G12: =COUNTIFS('2026 Time Off Request'!$A:$A,'April 2026'!$D12,'2026 Time Off Request'!$L:$L,'April 2026'!G$6) -> 0 | H12: =COUNTIFS('2026 Time Off Request'!$A:$A,'April 2026'!$D12,'2026 Time Off Request'!$L:$L,'April 2026'!H$6) -> 0 | I12: =COUNTIFS('2026 Time Off Request'!$A:$A,'April 2026'!$D12,'2026 Time Off Request'!$L:$L,'April 2026'!I$6) -> 0 | J12: =COUNTIFS('2026 Time Off Request'!$A:$A,'April 2026'!$D12,'2026 Time Off Request'!$L:$L,'April 2026'!J$6) -> 0 | K12: =COUNTIFS('2026 Time Off Request'!$A:$A,'April 2026'!$D12,'2026 Time Off Request'!$L:$L,'April 2026'!K$6) -> 0 | L12: =COUNTIFS('2026 Time Off Request'!$A:$A,'April 2026'!$D12,'2026 Time Off Request'!$L:$L,'April 2026'!L$6) -> 0 | M12: =COUNTIFS('2026 Time Off Request'!$A:$A,'April 2026'!$D12,'2026 Time Off Request'!$L:$L,'April 2026'!M$6) -> 0 | ... AI12: =COUNTIFS('2026 Time Off Request'!$A:$A,'April 2026'!$D12,'2026 Time Off Request'!$L:$L,'April 2026'!AI$6) -> 0
A13: 7 | B13: RM | C13: Regional Manager | D13: Hellegards, Mandi | E13: =SUM(F13:AI13) -> 0 | F13: =COUNTIFS('2026 Time Off Request'!$A:$A,'April 2026'!$D13,'2026 Time Off Request'!$L:$L,'April 2026'!F$6) -> 0 | G13: =COUNTIFS('2026 Time Off Request'!$A:$A,'April 2026'!$D13,'2026 Time Off Request'!$L:$L,'April 2026'!G$6) -> 0 | H13: =COUNTIFS('2026 Time Off Request'!$A:$A,'April 2026'!$D13,'2026 Time Off Request'!$L:$L,'April 2026'!H$6) -> 0 | I13: =COUNTIFS('2026 Time Off Request'!$A:$A,'April 2026'!$D13,'2026 Time Off Request'!$L:$L,'April 2026'!I$6) -> 0 | J13: =COUNTIFS('2026 Time Off Request'!$A:$A,'April 2026'!$D13,'2026 Time Off Request'!$L:$L,'April 2026'!J$6) -> 0 | K13: =COUNTIFS('2026 Time Off Request'!$A:$A,'April 2026'!$D13,'2026 Time Off Request'!$L:$L,'April 2026'!K$6) -> 0 | L13: =COUNTIFS('2026 Time Off Request'!$A:$A,'April 2026'!$D13,'2026 Time Off Request'!$L:$L,'April 2026'!L$6) -> 0 | M13: =COUNTIFS('2026 Time Off Request'!$A:$A,'April 2026'!$D13,'2026 Time Off Request'!$L:$L,'April 2026'!M$6) -> 0 | ... AI13: =COUNTIFS('2026 Time Off Request'!$A:$A,'April 2026'!$D13,'2026 Time Off Request'!$L:$L,'April 2026'!AI$6) -> 0
A14: 8 | B14: RM | C14: Regional Manager | D14: Olberg, Cheryl | E14: =SUM(F14:AI14) -> 4 | F14: =COUNTIFS('2026 Time Off Request'!$A:$A,'April 2026'!$D14,'2026 Time Off Request'!$L:$L,'April 2026'!F$6) -> 0 | G14: =COUNTIFS('2026 Time Off Request'!$A:$A,'April 2026'!$D14,'2026 Time Off Request'!$L:$L,'April 2026'!G$6) -> 0 | H14: =COUNTIFS('2026 Time Off Request'!$A:$A,'April 2026'!$D14,'2026 Time Off Request'!$L:$L,'April 2026'!H$6) -> 0 | I14: =COUNTIFS('2026 Time Off Request'!$A:$A,'April 2026'!$D14,'2026 Time Off Request'!$L:$L,'April 2026'!I$6) -> 0 | J14: =COUNTIFS('2026 Time Off Request'!$A:$A,'April 2026'!$D14,'2026 Time Off Request'!$L:$L,'April 2026'!J$6) -> 0 | K14: =COUNTIFS('2026 Time Off Request'!$A:$A,'April 2026'!$D14,'2026 Time Off Request'!$L:$L,'April 2026'!K$6) -> 0 | L14: =COUNTIFS('2026 Time Off Request'!$A:$A,'April 2026'!$D14,'2026 Time Off Request'!$L:$L,'April 2026'!L$6) -> 0 | M14: =COUNTIFS('2026 Time Off Request'!$A:$A,'April 2026'!$D14,'2026 Time Off Request'!$L:$L,'April 2026'!M$6) -> 0 | ... AI14: =COUNTIFS('2026 Time Off Request'!$A:$A,'April 2026'!$D14,'2026 Time Off Request'!$L:$L,'April 2026'!AI$6) -> 1
A15: 9 | B15: RM | C15: Regional Manager | D15: Placsko, Jamie | E15: =SUM(F15:AI15) -> 0 | F15: =COUNTIFS('2026 Time Off Request'!$A:$A,'April 2026'!$D15,'2026 Time Off Request'!$L:$L,'April 2026'!F$6) -> 0 | G15: =COUNTIFS('2026 Time Off Request'!$A:$A,'April 2026'!$D15,'2026 Time Off Request'!$L:$L,'April 2026'!G$6) -> 0 | H15: =COUNTIFS('2026 Time Off Request'!$A:$A,'April 2026'!$D15,'2026 Time Off Request'!$L:$L,'April 2026'!H$6) -> 0 | I15: =COUNTIFS('2026 Time Off Request'!$A:$A,'April 2026'!$D15,'2026 Time Off Request'!$L:$L,'April 2026'!I$6) -> 0 | J15: =COUNTIFS('2026 Time Off Request'!$A:$A,'April 2026'!$D15,'2026 Time Off Request'!$L:$L,'April 2026'!J$6) -> 0 | K15: =COUNTIFS('2026 Time Off Request'!$A:$A,'April 2026'!$D15,'2026 Time Off Request'!$L:$L,'April 2026'!K$6) -> 0 | L15: =COUNTIFS('2026 Time Off Request'!$A:$A,'April 2026'!$D15,'2026 Time Off Request'!$L:$L,'April 2026'!L$6) -> 0 | M15: =COUNTIFS('2026 Time Off Request'!$A:$A,'April 2026'!$D15,'2026 Time Off Request'!$L:$L,'April 2026'!M$6) -> 0 | ... AI15: =COUNTIFS('2026 Time Off Request'!$A:$A,'April 2026'!$D15,'2026 Time Off Request'!$L:$L,'April 2026'!AI$6) -> 0
A16: 10 | B16: RM | C16: Regional Manager | D16: Bernard, Jennifer | E16: =SUM(F16:AI16) -> 0 | F16: =COUNTIFS('2026 Time Off Request'!$A:$A,'April 2026'!$D16,'2026 Time Off Request'!$L:$L,'April 2026'!F$6) -> 0 | G16: =COUNTIFS('2026 Time Off Request'!$A:$A,'April 2026'!$D16,'2026 Time Off Request'!$L:$L,'April 2026'!G$6) -> 0 | H16: =COUNTIFS('2026 Time Off Request'!$A:$A,'April 2026'!$D16,'2026 Time Off Request'!$L:$L,'April 2026'!H$6) -> 0 | I16: =COUNTIFS('2026 Time Off Request'!$A:$A,'April 2026'!$D16,'2026 Time Off Request'!$L:$L,'April 2026'!I$6) -> 0 | J16: =COUNTIFS('2026 Time Off Request'!$A:$A,'April 2026'!$D16,'2026 Time Off Request'!$L:$L,'April 2026'!J$6) -> 0 | K16: =COUNTIFS('2026 Time Off Request'!$A:$A,'April 2026'!$D16,'2026 Time Off Request'!$L:$L,'April 2026'!K$6) -> 0 | L16: =COUNTIFS('2026 Time Off Request'!$A:$A,'April 2026'!$D16,'2026 Time Off Request'!$L:$L,'April 2026'!L$6) -> 0 | M16: =COUNTIFS('2026 Time Off Request'!$A:$A,'April 2026'!$D16,'2026 Time Off Request'!$L:$L,'April 2026'!M$6) -> 0 | ... AI16: =COUNTIFS('2026 Time Off Request'!$A:$A,'April 2026'!$D16,'2026 Time Off Request'!$L:$L,'April 2026'!AI$6) -> 0
A17: 11 | B17: RM | C17: Regional Manager | D17: Brijlall, Asha Chetna | E17: =SUM(F17:AI17) -> 0 | F17: =COUNTIFS('2026 Time Off Request'!$A:$A,'April 2026'!$D17,'2026 Time Off Request'!$L:$L,'April 2026'!F$6) -> 0 | G17: =COUNTIFS('2026 Time Off Request'!$A:$A,'April 2026'!$D17,'2026 Time Off Request'!$L:$L,'April 2026'!G$6) -> 0 | H17: =COUNTIFS('2026 Time Off Request'!$A:$A,'April 2026'!$D17,'2026 Time Off Request'!$L:$L,'April 2026'!H$6) -> 0 | I17: =COUNTIFS('2026 Time Off Request'!$A:$A,'April 2026'!$D17,'2026 Time Off Request'!$L:$L,'April 2026'!I$6) -> 0 | J17: =COUNTIFS('2026 Time Off Request'!$A:$A,'April 2026'!$D17,'2026 Time Off Request'!$L:$L,'April 2026'!J$6) -> 0 | K17: =COUNTIFS('2026 Time Off Request'!$A:$A,'April 2026'!$D17,'2026 Time Off Request'!$L:$L,'April 2026'!K$6) -> 0 | L17: =COUNTIFS('2026 Time Off Request'!$A:$A,'April 2026'!$D17,'2026 Time Off Request'!$L:$L,'April 2026'!L$6) -> 0 | M17: =COUNTIFS('2026 Time Off Request'!$A:$A,'April 2026'!$D17,'2026 Time Off Request'!$L:$L,'April 2026'!M$6) -> 0 | ... AI17: =COUNTIFS('2026 Time Off Request'!$A:$A,'April 2026'!$D17,'2026 Time Off Request'!$L:$L,'April 2026'!AI$6) -> 0
A18: 12 | B18: RM | C18: Regional Manager | D18: Harlow, Mark | E18: =SUM(F18:AI18) -> 0 | F18: =COUNTIFS('2026 Time Off Request'!$A:$A,'April 2026'!$D18,'2026 Time Off Request'!$L:$L,'April 2026'!F$6) -> 0 | G18: =COUNTIFS('2026 Time Off Request'!$A:$A,'April 2026'!$D18,'2026 Time Off Request'!$L:$L,'April 2026'!G$6) -> 0 | H18: =COUNTIFS('2026 Time Off Request'!$A:$A,'April 2026'!$D18,'2026 Time Off Request'!$L:$L,'April 2026'!H$6) -> 0 | I18: =COUNTIFS('2026 Time Off Request'!$A:$A,'April 2026'!$D18,'2026 Time Off Request'!$L:$L,'April 2026'!I$6) -> 0 | J18: =COUNTIFS('2026 Time Off Request'!$A:$A,'April 2026'!$D18,'2026 Time Off Request'!$L:$L,'April 2026'!J$6) -> 0 | K18: =COUNTIFS('2026 Time Off Request'!$A:$A,'April 2026'!$D18,'2026 Time Off Request'!$L:$L,'April 2026'!K$6) -> 0 | L18: =COUNTIFS('2026 Time Off Request'!$A:$A,'April 2026'!$D18,'2026 Time Off Request'!$L:$L,'April 2026'!L$6) -> 0 | M18: =COUNTIFS('2026 Time Off Request'!$A:$A,'April 2026'!$D18,'2026 Time Off Request'!$L:$L,'April 2026'!M$6) -> 0 | ... AI18: =COUNTIFS('2026 Time Off Request'!$A:$A,'April 2026'!$D18,'2026 Time Off Request'!$L:$L,'April 2026'!AI$6) -> 0
A19: 13 | B19: RM | C19: Regional Manager | D19: Ciccone, Shelley | E19: =SUM(F19:AI19) -> 0 | F19: =COUNTIFS('2026 Time Off Request'!$A:$A,'April 2026'!$D19,'2026 Time Off Request'!$L:$L,'April 2026'!F$6) -> 0 | G19: =COUNTIFS('2026 Time Off Request'!$A:$A,'April 2026'!$D19,'2026 Time Off Request'!$L:$L,'April 2026'!G$6) -> 0 | H19: =COUNTIFS('2026 Time Off Request'!$A:$A,'April 2026'!$D19,'2026 Time Off Request'!$L:$L,'April 2026'!H$6) -> 0 | I19: =COUNTIFS('2026 Time Off Request'!$A:$A,'April 2026'!$D19,'2026 Time Off Request'!$L:$L,'April 2026'!I$6) -> 0 | J19: =COUNTIFS('2026 Time Off Request'!$A:$A,'April 2026'!$D19,'2026 Time Off Request'!$L:$L,'April 2026'!J$6) -> 0 | K19: =COUNTIFS('2026 Time Off Request'!$A:$A,'April 2026'!$D19,'2026 Time Off Request'!$L:$L,'April 2026'!K$6) -> 0 | L19: =COUNTIFS('2026 Time Off Request'!$A:$A,'April 2026'!$D19,'2026 Time Off Request'!$L:$L,'April 2026'!L$6) -> 0 | M19: =COUNTIFS('2026 Time Off Request'!$A:$A,'April 2026'!$D19,'2026 Time Off Request'!$L:$L,'April 2026'!M$6) -> 0 | ... AI19: =COUNTIFS('2026 Time Off Request'!$A:$A,'April 2026'!$D19,'2026 Time Off Request'!$L:$L,'April 2026'!AI$6) -> 0
... A23: 17 | B23: ST | C23: Talent Acquisition Specialist | D23: Zymeri, Rineta | E23: =SUM(F23:AI23) -> 0 | F23: =COUNTIFS('2026 Time Off Request'!$A:$A,'April 2026'!$D23,'2026 Time Off Request'!$L:$L,'April 2026'!F$6) -> 0 | G23: =COUNTIFS('2026 Time Off Request'!$A:$A,'April 2026'!$D23,'2026 Time Off Request'!$L:$L,'April 2026'!G$6) -> 0 | H23: =COUNTIFS('2026 Time Off Request'!$A:$A,'April 2026'!$D23,'2026 Time Off Request'!$L:$L,'April 2026'!H$6) -> 0 | I23: =COUNTIFS('2026 Time Off Request'!$A:$A,'April 2026'!$D23,'2026 Time Off Request'!$L:$L,'April 2026'!I$6) -> 0 | J23: =COUNTIFS('2026 Time Off Request'!$A:$A,'April 2026'!$D23,'2026 Time Off Request'!$L:$L,'April 2026'!J$6) -> 0 | K23: =COUNTIFS('2026 Time Off Request'!$A:$A,'April 2026'!$D23,'2026 Time Off Request'!$L:$L,'April 2026'!K$6) -> 0 | L23: =COUNTIFS('2026 Time Off Request'!$A:$A,'April 2026'!$D23,'2026 Time Off Request'!$L:$L,'April 2026'!L$6) -> 0 | M23: =COUNTIFS('2026 Time Off Request'!$A:$A,'April 2026'!$D23,'2026 Time Off Request'!$L:$L,'April 2026'!M$6) -> 0 | ... AI23: =COUNTIFS('2026 Time Off Request'!$A:$A,'April 2026'!$D23,'2026 Time Off Request'!$L:$L,'April 2026'!AI$6) -> 0
B24: ST | C24: Talent Acquisition Specialist | D24: Kaiser, Erika | E24: =SUM(F24:AI24) -> 0 | F24: =COUNTIFS('2026 Time Off Request'!$A:$A,'April 2026'!$D24,'2026 Time Off Request'!$L:$L,'April 2026'!F$6) -> 0 | G24: =COUNTIFS('2026 Time Off Request'!$A:$A,'April 2026'!$D24,'2026 Time Off Request'!$L:$L,'April 2026'!G$6) -> 0 | H24: =COUNTIFS('2026 Time Off Request'!$A:$A,'April 2026'!$D24,'2026 Time Off Request'!$L:$L,'April 2026'!H$6) -> 0 | I24: =COUNTIFS('2026 Time Off Request'!$A:$A,'April 2026'!$D24,'2026 Time Off Request'!$L:$L,'April 2026'!I$6) -> 0 | J24: =COUNTIFS('2026 Time Off Request'!$A:$A,'April 2026'!$D24,'2026 Time Off Request'!$L:$L,'April 2026'!J$6) -> 0 | K24: =COUNTIFS('2026 Time Off Request'!$A:$A,'April 2026'!$D24,'2026 Time Off Request'!$L:$L,'April 2026'!K$6) -> 0 | L24: =COUNTIFS('2026 Time Off Request'!$A:$A,'April 2026'!$D24,'2026 Time Off Request'!$L:$L,'April 2026'!L$6) -> 0 | M24: =COUNTIFS('2026 Time Off Request'!$A:$A,'April 2026'!$D24,'2026 Time Off Request'!$L:$L,'April 2026'!M$6) -> 0 | ... AI24: =COUNTIFS('2026 Time Off Request'!$A:$A,'April 2026'!$D24,'2026 Time Off Request'!$L:$L,'April 2026'!AI$6) -> 0
A25: 18 | B25: ST | C25: Project Manager | D25: Rana, Surya | E25: =SUM(F25:AI25) -> 0 | F25: =COUNTIFS('2026 Time Off Request'!$A:$A,'April 2026'!$D25,'2026 Time Off Request'!$L:$L,'April 2026'!F$6) -> 0 | G25: =COUNTIFS('2026 Time Off Request'!$A:$A,'April 2026'!$D25,'2026 Time Off Request'!$L:$L,'April 2026'!G$6) -> 0 | H25: =COUNTIFS('2026 Time Off Request'!$A:$A,'April 2026'!$D25,'2026 Time Off Request'!$L:$L,'April 2026'!H$6) -> 0 | I25: =COUNTIFS('2026 Time Off Request'!$A:$A,'April 2026'!$D25,'2026 Time Off Request'!$L:$L,'April 2026'!I$6) -> 0 | J25: =COUNTIFS('2026 Time Off Request'!$A:$A,'April 2026'!$D25,'2026 Time Off Request'!$L:$L,'April 2026'!J$6) -> 0 | K25: =COUNTIFS('2026 Time Off Request'!$A:$A,'April 2026'!$D25,'2026 Time Off Request'!$L:$L,'April 2026'!K$6) -> 0 | L25: =COUNTIFS('2026 Time Off Request'!$A:$A,'April 2026'!$D25,'2026 Time Off Request'!$L:$L,'April 2026'!L$6) -> 0 | M25: =COUNTIFS('2026 Time Off Request'!$A:$A,'April 2026'!$D25,'2026 Time Off Request'!$L:$L,'April 2026'!M$6) -> 0 | ... AI25: =COUNTIFS('2026 Time Off Request'!$A:$A,'April 2026'!$D25,'2026 Time Off Request'!$L:$L,'April 2026'!AI$6) -> 0
B26: ST | C26: Project Manager | D26: Srikanth, Asha | E26: =SUM(F26:AI26) -> 0 | F26: =COUNTIFS('2026 Time Off Request'!$A:$A,'April 2026'!$D26,'2026 Time Off Request'!$L:$L,'April 2026'!F$6) -> 0 | G26: =COUNTIFS('2026 Time Off Request'!$A:$A,'April 2026'!$D26,'2026 Time Off Request'!$L:$L,'April 2026'!G$6) -> 0 | H26: =COUNTIFS('2026 Time Off Request'!$A:$A,'April 2026'!$D26,'2026 Time Off Request'!$L:$L,'April 2026'!H$6) -> 0 | I26: =COUNTIFS('2026 Time Off Request'!$A:$A,'April 2026'!$D26,'2026 Time Off Request'!$L:$L,'April 2026'!I$6) -> 0 | J26: =COUNTIFS('2026 Time Off Request'!$A:$A,'April 2026'!$D26,'2026 Time Off Request'!$L:$L,'April 2026'!J$6) -> 0 | K26: =COUNTIFS('2026 Time Off Request'!$A:$A,'April 2026'!$D26,'2026 Time Off Request'!$L:$L,'April 2026'!K$6) -> 0 | L26: =COUNTIFS('2026 Time Off Request'!$A:$A,'April 2026'!$D26,'2026 Time Off Request'!$L:$L,'April 2026'!L$6) -> 0 | M26: =COUNTIFS('2026 Time Off Request'!$A:$A,'April 2026'!$D26,'2026 Time Off Request'!$L:$L,'April 2026'!M$6) -> 0 | ... AI26: =COUNTIFS('2026 Time Off Request'!$A:$A,'April 2026'!$D26,'2026 Time Off Request'!$L:$L,'April 2026'!AI$6) -> 0
A27: 19 | B27: ST | C27: IT Support Specialist | D27: Armstrong, David | E27: =SUM(F27:AI27) -> 0 | F27: =COUNTIFS('2026 Time Off Request'!$A:$A,'April 2026'!$D27,'2026 Time Off Request'!$L:$L,'April 2026'!F$6) -> 0 | G27: =COUNTIFS('2026 Time Off Request'!$A:$A,'April 2026'!$D27,'2026 Time Off Request'!$L:$L,'April 2026'!G$6) -> 0 | H27: =COUNTIFS('2026 Time Off Request'!$A:$A,'April 2026'!$D27,'2026 Time Off Request'!$L:$L,'April 2026'!H$6) -> 0 | I27: =COUNTIFS('2026 Time Off Request'!$A:$A,'April 2026'!$D27,'2026 Time Off Request'!$L:$L,'April 2026'!I$6) -> 0 | J27: =COUNTIFS('2026 Time Off Request'!$A:$A,'April 2026'!$D27,'2026 Time Off Request'!$L:$L,'April 2026'!J$6) -> 0 | K27: =COUNTIFS('2026 Time Off Request'!$A:$A,'April 2026'!$D27,'2026 Time Off Request'!$L:$L,'April 2026'!K$6) -> 0 | L27: =COUNTIFS('2026 Time Off Request'!$A:$A,'April 2026'!$D27,'2026 Time Off Request'!$L:$L,'April 2026'!L$6) -> 0 | M27: =COUNTIFS('2026 Time Off Request'!$A:$A,'April 2026'!$D27,'2026 Time Off Request'!$L:$L,'April 2026'!M$6) -> 0 | ... AI27: =COUNTIFS('2026 Time Off Request'!$A:$A,'April 2026'!$D27,'2026 Time Off Request'!$L:$L,'April 2026'!AI$6) -> 0
A28: 20 | B28: ST | C28: Solutions Architect | D28: Puri, Deepesh | E28: =SUM(F28:AI28) -> 0 | F28: =COUNTIFS('2026 Time Off Request'!$A:$A,'April 2026'!$D28,'2026 Time Off Request'!$L:$L,'April 2026'!F$6) -> 0 | G28: =COUNTIFS('2026 Time Off Request'!$A:$A,'April 2026'!$D28,'2026 Time Off Request'!$L:$L,'April 2026'!G$6) -> 0 | H28: =COUNTIFS('2026 Time Off Request'!$A:$A,'April 2026'!$D28,'2026 Time Off Request'!$L:$L,'April 2026'!H$6) -> 0 | I28: =COUNTIFS('2026 Time Off Request'!$A:$A,'April 2026'!$D28,'2026 Time Off Request'!$L:$L,'April 2026'!I$6) -> 0 | J28: =COUNTIFS('2026 Time Off Request'!$A:$A,'April 2026'!$D28,'2026 Time Off Request'!$L:$L,'April 2026'!J$6) -> 0 | K28: =COUNTIFS('2026 Time Off Request'!$A:$A,'April 2026'!$D28,'2026 Time Off Request'!$L:$L,'April 2026'!K$6) -> 0 | L28: =COUNTIFS('2026 Time Off Request'!$A:$A,'April 2026'!$D28,'2026 Time Off Request'!$L:$L,'April 2026'!L$6) -> 0 | M28: =COUNTIFS('2026 Time Off Request'!$A:$A,'April 2026'!$D28,'2026 Time Off Request'!$L:$L,'April 2026'!M$6) -> 0 | ... AI28: =COUNTIFS('2026 Time Off Request'!$A:$A,'April 2026'!$D28,'2026 Time Off Request'!$L:$L,'April 2026'!AI$6) -> 0
B29: ST | C29: Data Analyst | D29: Lopez, David | E29: =SUM(F29:AI29) -> 0 | F29: =COUNTIFS('2026 Time Off Request'!$A:$A,'April 2026'!$D29,'2026 Time Off Request'!$L:$L,'April 2026'!F$6) -> 0 | G29: =COUNTIFS('2026 Time Off Request'!$A:$A,'April 2026'!$D29,'2026 Time Off Request'!$L:$L,'April 2026'!G$6) -> 0 | H29: =COUNTIFS('2026 Time Off Request'!$A:$A,'April 2026'!$D29,'2026 Time Off Request'!$L:$L,'April 2026'!H$6) -> 0 | I29: =COUNTIFS('2026 Time Off Request'!$A:$A,'April 2026'!$D29,'2026 Time Off Request'!$L:$L,'April 2026'!I$6) -> 0 | J29: =COUNTIFS('2026 Time Off Request'!$A:$A,'April 2026'!$D29,'2026 Time Off Request'!$L:$L,'April 2026'!J$6) -> 0 | K29: =COUNTIFS('2026 Time Off Request'!$A:$A,'April 2026'!$D29,'2026 Time Off Request'!$L:$L,'April 2026'!K$6) -> 0 | L29: =COUNTIFS('2026 Time Off Request'!$A:$A,'April 2026'!$D29,'2026 Time Off Request'!$L:$L,'April 2026'!L$6) -> 0 | M29: =COUNTIFS('2026 Time Off Request'!$A:$A,'April 2026'!$D29,'2026 Time Off Request'!$L:$L,'April 2026'!M$6) -> 0 | ... AI29: =COUNTIFS('2026 Time Off Request'!$A:$A,'April 2026'!$D29,'2026 Time Off Request'!$L:$L,'April 2026'!AI$6) -> 0
A30: 21 | B30: ST Mgr | C30: Digital Marketing Manager | D30: Abi Khalil, Marwan | E30: =SUM(F30:AI30) -> 0 | F30: =COUNTIFS('2026 Time Off Request'!$A:$A,'April 2026'!$D30,'2026 Time Off Request'!$L:$L,'April 2026'!F$6) -> 0 | G30: =COUNTIFS('2026 Time Off Request'!$A:$A,'April 2026'!$D30,'2026 Time Off Request'!$L:$L,'April 2026'!G$6) -> 0 | H30: =COUNTIFS('2026 Time Off Request'!$A:$A,'April 2026'!$D30,'2026 Time Off Request'!$L:$L,'April 2026'!H$6) -> 0 | I30: =COUNTIFS('2026 Time Off Request'!$A:$A,'April 2026'!$D30,'2026 Time Off Request'!$L:$L,'April 2026'!I$6) -> 0 | J30: =COUNTIFS('2026 Time Off Request'!$A:$A,'April 2026'!$D30,'2026 Time Off Request'!$L:$L,'April 2026'!J$6) -> 0 | K30: =COUNTIFS('2026 Time Off Request'!$A:$A,'April 2026'!$D30,'2026 Time Off Request'!$L:$L,'April 2026'!K$6) -> 0 | L30: =COUNTIFS('2026 Time Off Request'!$A:$A,'April 2026'!$D30,'2026 Time Off Request'!$L:$L,'April 2026'!L$6) -> 0 | M30: =COUNTIFS('2026 Time Off Request'!$A:$A,'April 2026'!$D30,'2026 Time Off Request'!$L:$L,'April 2026'!M$6) -> 0 | ... AI30: =COUNTIFS('2026 Time Off Request'!$A:$A,'April 2026'!$D30,'2026 Time Off Request'!$L:$L,'April 2026'!AI$6) -> 0
A31: 22 | B31: ST Mgr | C31: Sr. Design Manager | D31: Ford, Claire | E31: =SUM(F31:AI31) -> 0 | F31: =COUNTIFS('2026 Time Off Request'!$A:$A,'April 2026'!$D31,'2026 Time Off Request'!$L:$L,'April 2026'!F$6) -> 0 | G31: =COUNTIFS('2026 Time Off Request'!$A:$A,'April 2026'!$D31,'2026 Time Off Request'!$L:$L,'April 2026'!G$6) -> 0 | H31: =COUNTIFS('2026 Time Off Request'!$A:$A,'April 2026'!$D31,'2026 Time Off Request'!$L:$L,'April 2026'!H$6) -> 0 | I31: =COUNTIFS('2026 Time Off Request'!$A:$A,'April 2026'!$D31,'2026 Time Off Request'!$L:$L,'April 2026'!I$6) -> 0 | J31: =COUNTIFS('2026 Time Off Request'!$A:$A,'April 2026'!$D31,'2026 Time Off Request'!$L:$L,'April 2026'!J$6) -> 0 | K31: =COUNTIFS('2026 Time Off Request'!$A:$A,'April 2026'!$D31,'2026 Time Off Request'!$L:$L,'April 2026'!K$6) -> 0 | L31: =COUNTIFS('2026 Time Off Request'!$A:$A,'April 2026'!$D31,'2026 Time Off Request'!$L:$L,'April 2026'!L$6) -> 0 | M31: =COUNTIFS('2026 Time Off Request'!$A:$A,'April 2026'!$D31,'2026 Time Off Request'!$L:$L,'April 2026'!M$6) -> 0 | ... AI31: =COUNTIFS('2026 Time Off Request'!$A:$A,'April 2026'!$D31,'2026 Time Off Request'!$L:$L,'April 2026'!AI$6) -> 0
A32: 23 | B32: ST | C32: Event Planner | D32: Clark, Celestyna Ruth | E32: =SUM(F32:AI32) -> 0 | F32: =COUNTIFS('2026 Time Off Request'!$A:$A,'April 2026'!$D32,'2026 Time Off Request'!$L:$L,'April 2026'!F$6) -> 0 | G32: =COUNTIFS('2026 Time Off Request'!$A:$A,'April 2026'!$D32,'2026 Time Off Request'!$L:$L,'April 2026'!G$6) -> 0 | H32: =COUNTIFS('2026 Time Off Request'!$A:$A,'April 2026'!$D32,'2026 Time Off Request'!$L:$L,'April 2026'!H$6) -> 0 | I32: =COUNTIFS('2026 Time Off Request'!$A:$A,'April 2026'!$D32,'2026 Time Off Request'!$L:$L,'April 2026'!I$6) -> 0 | J32: =COUNTIFS('2026 Time Off Request'!$A:$A,'April 2026'!$D32,'2026 Time Off Request'!$L:$L,'April 2026'!J$6) -> 0 | K32: =COUNTIFS('2026 Time Off Request'!$A:$A,'April 2026'!$D32,'2026 Time Off Request'!$L:$L,'April 2026'!K$6) -> 0 | L32: =COUNTIFS('2026 Time Off Request'!$A:$A,'April 2026'!$D32,'2026 Time Off Request'!$L:$L,'April 2026'!L$6) -> 0 | M32: =COUNTIFS('2026 Time Off Request'!$A:$A,'April 2026'!$D32,'2026 Time Off Request'!$L:$L,'April 2026'!M$6) -> 0 | ... AI32: =COUNTIFS('2026 Time Off Request'!$A:$A,'April 2026'!$D32,'2026 Time Off Request'!$L:$L,'April 2026'!AI$6) -> 0
A33: 24 | B33: ST | C33: Creative Designer | D33: Kedia, Vidhisha | E33: =SUM(F33:AI33) -> 0 | F33: =COUNTIFS('2026 Time Off Request'!$A:$A,'April 2026'!$D33,'2026 Time Off Request'!$L:$L,'April 2026'!F$6) -> 0 | G33: =COUNTIFS('2026 Time Off Request'!$A:$A,'April 2026'!$D33,'2026 Time Off Request'!$L:$L,'April 2026'!G$6) -> 0 | H33: =COUNTIFS('2026 Time Off Request'!$A:$A,'April 2026'!$D33,'2026 Time Off Request'!$L:$L,'April 2026'!H$6) -> 0 | I33: =COUNTIFS('2026 Time Off Request'!$A:$A,'April 2026'!$D33,'2026 Time Off Request'!$L:$L,'April 2026'!I$6) -> 0 | J33: =COUNTIFS('2026 Time Off Request'!$A:$A,'April 2026'!$D33,'2026 Time Off Request'!$L:$L,'April 2026'!J$6) -> 0 | K33: =COUNTIFS('2026 Time Off Request'!$A:$A,'April 2026'!$D33,'2026 Time Off Request'!$L:$L,'April 2026'!K$6) -> 0 | L33: =COUNTIFS('2026 Time Off Request'!$A:$A,'April 2026'!$D33,'2026 Time Off Request'!$L:$L,'April 2026'!L$6) -> 0 | M33: =COUNTIFS('2026 Time Off Request'!$A:$A,'April 2026'!$D33,'2026 Time Off Request'!$L:$L,'April 2026'!M$6) -> 0 | ... AI33: =COUNTIFS('2026 Time Off Request'!$A:$A,'April 2026'!$D33,'2026 Time Off Request'!$L:$L,'April 2026'!AI$6) -> 0
A34: 25 | B34: ST | C34: Creative Designer | D34: Kocznur, Jesse | E34: =SUM(F34:AI34) -> 0 | F34: =COUNTIFS('2026 Time Off Request'!$A:$A,'April 2026'!$D34,'2026 Time Off Request'!$L:$L,'April 2026'!F$6) -> 0 | G34: =COUNTIFS('2026 Time Off Request'!$A:$A,'April 2026'!$D34,'2026 Time Off Request'!$L:$L,'April 2026'!G$6) -> 0 | H34: =COUNTIFS('2026 Time Off Request'!$A:$A,'April 2026'!$D34,'2026 Time Off Request'!$L:$L,'April 2026'!H$6) -> 0 | I34: =COUNTIFS('2026 Time Off Request'!$A:$A,'April 2026'!$D34,'2026 Time Off Request'!$L:$L,'April 2026'!I$6) -> 0 | J34: =COUNTIFS('2026 Time Off Request'!$A:$A,'April 2026'!$D34,'2026 Time Off Request'!$L:$L,'April 2026'!J$6) -> 0 | K34: =COUNTIFS('2026 Time Off Request'!$A:$A,'April 2026'!$D34,'2026 Time Off Request'!$L:$L,'April 2026'!K$6) -> 0 | L34: =COUNTIFS('2026 Time Off Request'!$A:$A,'April 2026'!$D34,'2026 Time Off Request'!$L:$L,'April 2026'!L$6) -> 0 | M34: =COUNTIFS('2026 Time Off Request'!$A:$A,'April 2026'!$D34,'2026 Time Off Request'!$L:$L,'April 2026'!M$6) -> 0 | ... AI34: =COUNTIFS('2026 Time Off Request'!$A:$A,'April 2026'!$D34,'2026 Time Off Request'!$L:$L,'April 2026'!AI$6) -> 0
